id,question,expected_intent,router_intent,intent_match,expected_scope,router_scope,scope_match,router_path,router_conf,fallback_reason,tools_called,expected_tools,tool_recall,location_in_args,all_pass,difficulty,notes
1,Bây giờ thời tiết ở Hà Nội như thế nào?,current_weather,current_weather,True,city,city,True,routed,0.9,,get_current_weather,"get_current_weather,detect_phenomena,get_clothing_advice",True,True,True,easy,"Câu hỏi chung, phổ biến nhất"
2,Hiện tại ở quận Cầu Giấy thời tiết ra sao?,current_weather,current_weather,True,district,district,True,routed,0.9,,get_current_weather,"get_current_weather,detect_phenomena,get_clothing_advice",True,True,True,easy,
3,Thời tiết ở phường Cầu Giấy lúc này có mưa không?,current_weather,rain_query,False,ward,ward,True,routed,0.9,,get_rain_timeline,"get_current_weather,detect_phenomena,get_clothing_advice",False,True,False,easy,
4,Ngoài trời ở Hoàn Kiếm giờ nhiệt độ bao nhiêu độ?,current_weather,temperature_query,False,district,district,True,routed,0.9,,get_current_weather,"get_current_weather,detect_phenomena,get_clothing_advice",True,True,False,easy,
5,"Ở phường Phú Diễn, Bắc Từ Liêm hiện có nhiều mây không?",current_weather,current_weather,True,ward,ward,True,routed,0.9,,get_current_weather,"get_current_weather,detect_phenomena,get_clothing_advice",True,True,True,easy,
6,Gió ở quận Long Biên hiện tại mạnh không?,current_weather,wind_query,False,district,district,True,routed,0.9,,get_current_weather,"get_current_weather,detect_phenomena,get_clothing_advice",True,True,False,easy,
7,Trời Hà Nội lúc này có nắng không?,current_weather,current_weather,True,city,city,True,routed,0.9,,get_current_weather,"get_current_weather,detect_phenomena,get_clothing_advice",True,True,True,easy,
8,Độ ẩm hiện tại ở quận Hoàng Mai bao nhiêu?,current_weather,humidity_fog_query,False,district,district,True,routed,0.9,,get_current_weather,"get_current_weather,detect_phenomena,get_clothing_advice",True,True,False,easy,
9,Cho mình biết thời tiết hiện tại ở khu vực Mỹ Đình với.,current_weather,current_weather,True,poi,district,False,routed,0.9,,get_current_weather,"get_current_weather,detect_phenomena,get_clothing_advice",True,True,False,easy,
10,Bầu trời ở khu vực Hồ Gươm bây giờ trông như thế nào?,current_weather,weather_overview,False,poi,district,False,routed,0.9,,get_daily_summary,"get_current_weather,detect_phenomena,get_clothing_advice",False,True,False,easy,
11,Nhiệt độ cảm giác ngoài trời ở Thanh Xuân lúc này là bao nhiêu?,current_weather,temperature_query,False,district,district,True,routed,0.9,,get_current_weather,"get_current_weather,detect_phenomena,get_clothing_advice",True,True,False,easy,
12,Tầm nhìn hiện tại ở sân bay Nội Bài có ổn không?,current_weather,current_weather,True,poi,district,False,routed,0.9,,get_current_weather,"get_current_weather,detect_phenomena,get_clothing_advice",True,True,False,medium,POI đặc thù
13,Chiều nay ở quận Hai Bà Trưng có mưa không?,rain_query,rain_query,True,district,district,True,routed,0.9,,get_rain_timeline,"get_rain_timeline,get_hourly_forecast,get_daily_forecast,get_weather_alerts",True,True,True,easy,Fix: cùng pattern Q47 - hỏi mưa cụ thể
14,"Tối nay ở phường Khương Đình, Thanh Xuân nhiệt độ khoảng bao nhiêu độ?",hourly_forecast,temperature_query,False,ward,ward,True,routed,0.9,,get_current_weather,"get_hourly_forecast,get_rain_timeline,get_sunny_periods,get_daily_rhythm",False,True,False,easy,
15,Khoảng 9 giờ tối nay ở Cầu Giấy có lạnh không?,hourly_forecast,hourly_forecast,True,district,district,True,routed,0.9,,get_hourly_forecast,"get_hourly_forecast,get_rain_timeline,get_sunny_periods,get_daily_rhythm",True,True,True,medium,Giờ cụ thể
16,Từ giờ đến nửa đêm ở Hà Nội có khả năng mưa lớn không?,hourly_forecast,rain_query,False,city,city,True,routed,0.9,,get_rain_timeline,"get_hourly_forecast,get_rain_timeline,get_sunny_periods,get_daily_rhythm",True,True,False,medium,Khoảng thời gian
17,Đêm nay gió ở khu vực Tây Hồ mạnh không?,wind_query,hourly_forecast,False,district,district,True,routed,0.9,,get_hourly_forecast,"get_current_weather,get_hourly_forecast,get_pressure_trend",True,True,False,easy,Hỏi gió mạnh không → wind_query
18,Trong 3 giờ tới ở phường Xuân Đỉnh có mưa rào hay giông không?,hourly_forecast,weather_alert,False,ward,ward,True,routed,0.9,,get_weather_change_alert,"get_hourly_forecast,get_rain_timeline,get_sunny_periods,get_daily_rhythm",False,False,False,medium,
19,Sáng mai từ 6h đến 9h ở Long Biên trời có sương mù không?,hourly_forecast,hourly_forecast,True,district,district,True,routed,0.9,,get_hourly_forecast,"get_hourly_forecast,get_rain_timeline,get_sunny_periods,get_daily_rhythm",True,True,True,medium,Khoảng giờ cụ thể
20,Mấy tiếng nữa ở Đống Đa mưa sẽ tạnh không?,hourly_forecast,hourly_forecast,True,district,district,True,routed,0.9,,get_hourly_forecast,"get_hourly_forecast,get_rain_timeline,get_sunny_periods,get_daily_rhythm",True,True,True,hard,Câu hỏi ngầm định đang mưa
21,Từ 8h tối đến nửa đêm ở Thanh Trì có mưa không?,hourly_forecast,hourly_forecast,True,district,district,True,routed,0.9,,get_hourly_forecast,"get_hourly_forecast,get_rain_timeline,get_sunny_periods,get_daily_rhythm",True,True,True,medium,
22,Lúc 2 giờ sáng mai ở nội thành Hà Nội nhiệt độ khoảng bao nhiêu?,hourly_forecast,hourly_forecast,True,city,city,True,routed,0.9,,get_hourly_forecast,"get_hourly_forecast,get_rain_timeline,get_sunny_periods,get_daily_rhythm",True,True,True,medium,Rạng sáng
23,"Trưa nay ở Đông Anh nắng không, có ra ngoài được không?",hourly_forecast,hourly_forecast,True,district,district,True,routed,0.9,,get_hourly_forecast,"get_hourly_forecast,get_rain_timeline,get_sunny_periods,get_daily_rhythm",True,True,True,easy,
24,Khoảng 7 giờ sáng mai ở Hoàn Kiếm trời như thế nào?,hourly_forecast,hourly_forecast,True,district,district,True,routed,0.9,,get_hourly_forecast,"get_hourly_forecast,get_rain_timeline,get_sunny_periods,get_daily_rhythm",True,True,True,medium,
25,Cuối tuần này thời tiết Hà Nội như thế nào?,daily_forecast,daily_forecast,True,city,city,True,routed,0.9,,get_weather_period,"get_daily_forecast,get_weather_period,get_temperature_trend",True,True,True,easy,
26,Thứ bảy ở quận Nam Từ Liêm trời có nắng không?,daily_forecast,daily_forecast,True,district,district,True,routed,0.9,,get_weather_period,"get_daily_forecast,get_weather_period,get_temperature_trend",True,True,True,easy,
27,Ba ngày tới ở Gia Lâm có mưa nhiều không?,daily_forecast,daily_forecast,True,district,district,True,routed,0.9,,get_daily_forecast,"get_daily_forecast,get_weather_period,get_temperature_trend",True,True,True,easy,
28,Tuần sau nhiệt độ ban ngày ở Hoàn Kiếm khoảng bao nhiêu độ?,daily_forecast,daily_forecast,True,district,district,True,routed,0.9,,get_weather_period,"get_daily_forecast,get_weather_period,get_temperature_trend",True,True,True,medium,
29,"Trong 7 ngày tới, ngày nào ở Long Biên khả năng mưa lớn cao nhất?",daily_forecast,daily_forecast,True,district,district,True,routed,0.9,,get_daily_forecast,"get_daily_forecast,get_weather_period,get_temperature_trend",True,True,True,hard,Câu hỏi so sánh nhiều ngày
30,"Dự báo thời tiết cả tuần cho phường Đống Đa, Đống Đa giúp mình.",daily_forecast,daily_forecast,True,ward,ward,True,routed,0.9,,get_weather_period,"get_daily_forecast,get_weather_period,get_temperature_trend",True,True,True,medium,
31,Ngày mai Hà Nội có nắng không?,daily_forecast,daily_forecast,True,city,city,True,routed,0.9,,get_daily_forecast,"get_daily_forecast,get_weather_period,get_temperature_trend",True,True,True,easy,
32,Thứ tư tuần này ở Hoàng Mai trời có mưa không?,daily_forecast,daily_forecast,True,district,district,True,routed,0.9,,get_daily_summary,"get_daily_forecast,get_weather_period,get_temperature_trend",False,True,False,easy,
33,Tuần này ngày nào ở Hà Nội đẹp nhất để ra ngoài?,daily_forecast,daily_forecast,True,city,city,True,routed,0.9,,get_weather_period,"get_daily_forecast,get_weather_period,get_temperature_trend",True,True,True,hard,Câu hỏi suy luận đa tiêu chí
34,Ngày mai ở huyện Đan Phượng nhiệt độ cao nhất là bao nhiêu?,daily_forecast,temperature_query,False,district,district,True,routed,0.9,,get_current_weather,"get_daily_forecast,get_weather_period,get_temperature_trend",False,True,False,easy,
35,Sáng thứ sáu tuần này ở Ba Đình thời tiết thế nào?,daily_forecast,daily_forecast,True,district,district,True,routed,0.9,,get_daily_summary,"get_daily_forecast,get_weather_period,get_temperature_trend",False,True,False,medium,Buổi cụ thể trong ngày
36,Năm ngày tới ở huyện Sóc Sơn mưa hay nắng?,daily_forecast,daily_forecast,True,district,district,True,routed,0.9,,get_daily_forecast,"get_daily_forecast,get_weather_period,get_temperature_trend",True,True,True,easy,
37,Bạn tóm tắt giúp mình thời tiết Hà Nội hôm nay đi.,weather_overview,weather_overview,True,city,city,True,routed,0.9,,get_daily_summary,"get_daily_summary,detect_phenomena,get_daily_rhythm,get_current_weather,get_daily_forecast",True,True,True,easy,
38,Cho mình một bản tổng quan thời tiết 3 ngày tới ở quận Long Biên.,weather_overview,weather_overview,True,district,district,True,routed,0.9,,"get_daily_summary,get_daily_summary,get_daily_summary","get_daily_summary,detect_phenomena,get_daily_rhythm,get_current_weather,get_daily_forecast",True,True,True,medium,
39,Mô tả ngắn gọn thời tiết tuần này ở Hà Nội để mình lên kế hoạch.,weather_overview,weather_overview,True,city,city,True,routed,0.9,,get_weather_period,"get_daily_summary,detect_phenomena,get_daily_rhythm,get_current_weather,get_daily_forecast",False,False,False,medium,
40,Tình hình thời tiết chung ở Tây Hồ trong vài ngày tới thế nào?,weather_overview,weather_overview,True,district,district,True,routed,0.9,,get_daily_summary,"get_daily_summary,detect_phenomena,get_daily_rhythm,get_current_weather,get_daily_forecast",True,True,True,easy,
41,Cho mình biết tổng quan thời tiết ngày mai ở Hà Nội với.,weather_overview,weather_overview,True,city,city,True,routed,0.9,,get_daily_summary,"get_daily_summary,detect_phenomena,get_daily_rhythm,get_current_weather,get_daily_forecast",True,True,True,easy,
42,Nhận xét tổng thể về thời tiết Hà Nội cuối tuần này đi bạn.,weather_overview,weather_overview,True,city,city,True,routed,0.9,,get_weather_period,"get_daily_summary,detect_phenomena,get_daily_rhythm,get_current_weather,get_daily_forecast",False,False,False,easy,
43,"Thời tiết tuần tới ở Hà Nội nói chung thế nào, có gì đặc biệt không?",weather_overview,weather_overview,True,city,city,True,routed,0.9,,"get_daily_summary,detect_phenomena","get_daily_summary,detect_phenomena,get_daily_rhythm,get_current_weather,get_daily_forecast",True,True,True,medium,
44,Tóm tắt tình hình thời tiết ở Sóc Sơn trong 5 ngày tới.,weather_overview,daily_forecast,False,district,district,True,routed,0.9,,get_daily_forecast,"get_daily_summary,detect_phenomena,get_daily_rhythm,get_current_weather,get_daily_forecast",True,True,False,medium,
45,Đánh giá tổng quan thời tiết ở Gia Lâm tuần này đi.,weather_overview,weather_overview,True,district,district,True,routed,0.9,,get_daily_summary,"get_daily_summary,detect_phenomena,get_daily_rhythm,get_current_weather,get_daily_forecast",True,True,True,medium,
46,Khái quát thời tiết khu vực Ba Vì tháng này cho mình biết với.,weather_overview,weather_overview,True,district,district,True,routed,0.9,,get_daily_summary,"get_daily_summary,detect_phenomena,get_daily_rhythm,get_current_weather,get_daily_forecast",True,True,True,hard,Tháng vượt quá 8 ngày daily
47,Chiều nay ở Thanh Xuân có mưa không?,rain_query,rain_query,True,district,district,True,routed,0.9,,get_rain_timeline,"get_rain_timeline,get_hourly_forecast,get_daily_forecast,get_weather_alerts",True,True,True,easy,
48,"Tối nay phường Tây Hồ, Tây Hồ có mưa rào hay giông không?",rain_query,weather_alert,False,ward,ward,True,routed,0.9,,get_weather_alerts,"get_rain_timeline,get_hourly_forecast,get_daily_forecast,get_weather_alerts",True,True,False,easy,
49,Trong 2 tiếng tới ở Hoàng Mai xác suất mưa là bao nhiêu phần trăm?,rain_query,rain_query,True,district,district,True,routed,0.9,,get_rain_timeline,"get_rain_timeline,get_hourly_forecast,get_daily_forecast,get_weather_alerts",True,True,True,medium,Hỏi trực tiếp xác suất mưa
50,Hôm nay ở Hà Đông có mưa to kéo dài không?,rain_query,weather_alert,False,district,district,True,routed,0.9,,get_weather_alerts,"get_rain_timeline,get_hourly_forecast,get_daily_forecast,get_weather_alerts",True,True,False,easy,
51,Đêm nay ở nội thành Hà Nội có nguy cơ mưa lớn gây ngập không?,rain_query,weather_alert,False,city,city,True,routed,0.9,,get_weather_alerts,"get_rain_timeline,get_hourly_forecast,get_daily_forecast,get_weather_alerts",True,True,False,hard,Kết hợp nguy cơ ngập lụt
52,Từ giờ đến sáng mai ở Gia Lâm có mưa phùn không?,rain_query,rain_query,True,district,district,True,routed,0.9,,get_rain_timeline,"get_rain_timeline,get_hourly_forecast,get_daily_forecast,get_weather_alerts",True,True,True,medium,Mưa phùn – weather id cụ thể
53,Tuần này Hà Nội có mưa nhiều không?,rain_query,rain_query,True,city,city,True,routed,0.9,,get_rain_timeline,"get_rain_timeline,get_hourly_forecast,get_daily_forecast,get_weather_alerts",True,True,True,easy,
54,Lượng mưa dự kiến hôm nay ở Đông Anh là bao nhiêu mm?,rain_query,rain_query,True,district,district,True,routed,0.9,,get_rain_timeline,"get_rain_timeline,get_hourly_forecast,get_daily_forecast,get_weather_alerts",True,True,True,medium,Hỏi lượng mưa mm
55,Ngày mai ở quận Hoàng Mai mưa vào khoảng mấy giờ?,rain_query,rain_query,True,district,district,True,routed,0.9,,get_rain_timeline,"get_rain_timeline,get_hourly_forecast,get_daily_forecast,get_weather_alerts",True,True,True,hard,Hỏi thời điểm mưa cụ thể
56,Mưa ở Hà Nội hôm nay kéo dài đến bao giờ?,rain_query,rain_query,True,city,city,True,routed,0.9,,get_rain_timeline,"get_rain_timeline,get_hourly_forecast,get_daily_forecast,get_weather_alerts",True,True,True,hard,Suy luận thời điểm kết thúc mưa
57,Cuối tuần ở Hà Nội xác suất mưa là bao nhiêu?,rain_query,rain_query,True,city,city,True,routed,0.9,,get_rain_timeline,"get_rain_timeline,get_hourly_forecast,get_daily_forecast,get_weather_alerts",True,True,True,easy,
58,"Hà Nội mùa này hay có mưa phùn không, dự báo mấy ngày tới thế nào?",rain_query,rain_query,True,city,city,True,routed,0.9,,get_rain_timeline,"get_rain_timeline,get_hourly_forecast,get_daily_forecast,get_weather_alerts",True,True,True,hard,Câu hỏi ngữ cảnh mùa vụ
59,Bây giờ nhiệt độ ở Hoàn Kiếm là bao nhiêu độ?,temperature_query,temperature_query,True,district,district,True,routed,0.9,,get_current_weather,"get_current_weather,get_temperature_trend,get_hourly_forecast,get_daily_forecast",True,True,True,easy,
60,Ngoài trời ở Cầu Giấy cảm giác có rét lắm không?,temperature_query,temperature_query,True,district,district,True,routed,0.9,,get_current_weather,"get_current_weather,get_temperature_trend,get_hourly_forecast,get_daily_forecast",True,True,True,easy,
61,Chiều mai ở Thanh Xuân nhiệt độ cao nhất là bao nhiêu?,temperature_query,temperature_query,True,district,district,True,routed,0.9,,get_current_weather,"get_current_weather,get_temperature_trend,get_hourly_forecast,get_daily_forecast",True,True,True,easy,
62,Đêm nay ở Đông Anh nhiệt độ thấp nhất khoảng bao nhiêu độ?,temperature_query,temperature_query,True,district,district,True,fallback,0.81,low_confidence: 0.81,get_daily_forecast,"get_current_weather,get_temperature_trend,get_hourly_forecast,get_daily_forecast",True,True,True,easy,
63,"Trong tuần này, ngày nào ở Hà Nội nóng nhất?",temperature_query,temperature_query,True,city,city,True,routed,0.9,,get_temperature_trend,"get_current_weather,get_temperature_trend,get_hourly_forecast,get_daily_forecast",True,True,True,hard,So sánh nhiều ngày
64,Chênh lệch nhiệt độ ngày và đêm ở Hà Nội hôm nay là bao nhiêu?,temperature_query,temperature_query,True,city,city,True,routed,0.9,,get_current_weather,"get_current_weather,get_temperature_trend,get_hourly_forecast,get_daily_forecast",True,True,True,medium,Tính toán chênh lệch
65,Nhiệt độ buổi sáng sớm mai ở Ba Đình khoảng bao nhiêu?,temperature_query,temperature_query,True,district,district,True,routed,0.9,,get_current_weather,"get_current_weather,get_temperature_trend,get_hourly_forecast,get_daily_forecast",True,True,True,easy,
66,"Trưa nay ở Hà Nội có nắng nóng gay gắt không, nhiệt độ bao nhiêu?",temperature_query,temperature_query,True,city,city,True,routed,0.9,,get_current_weather,"get_current_weather,get_temperature_trend,get_hourly_forecast,get_daily_forecast",True,True,True,medium,Kết hợp cảm nhận nắng nóng
67,Khi nào thì Hà Nội ấm dần lên trong vài ngày tới?,temperature_query,temperature_query,True,city,city,True,routed,0.9,,get_temperature_trend,"get_current_weather,get_temperature_trend,get_hourly_forecast,get_daily_forecast",True,True,True,hard,Câu hỏi xu hướng
68,Nhiệt độ tối nay ở khu vực Mỹ Đình có xuống dưới 15 độ không?,temperature_query,temperature_query,True,poi,district,False,routed,0.9,,get_current_weather,"get_current_weather,get_temperature_trend,get_hourly_forecast,get_daily_forecast",True,True,False,medium,Kiểm tra ngưỡng nhiệt
69,Ngày mai ở huyện Ba Vì nhiệt độ cao nhất và thấp nhất là bao nhiêu?,temperature_query,temperature_query,True,district,district,True,fallback,0.81,low_confidence: 0.81,get_daily_summary,"get_current_weather,get_temperature_trend,get_hourly_forecast,get_daily_forecast",False,True,False,easy,
70,"Hà Nội mấy ngày tới có rét đậm không, nhiệt độ khoảng bao nhiêu?",temperature_query,weather_alert,False,city,city,True,routed,0.9,,get_weather_alerts,"get_current_weather,get_temperature_trend,get_hourly_forecast,get_daily_forecast",False,True,False,hard,Ngữ cảnh rét đậm (<15°C)
71,"Hiện tại gió ở Sóc Sơn mạnh không, hướng nào?",wind_query,wind_query,True,district,district,True,routed,0.9,,get_current_weather,"get_current_weather,get_hourly_forecast,get_pressure_trend",True,True,True,easy,
72,Tối nay ở quận Bắc Từ Liêm có gió to không?,wind_query,wind_query,True,district,district,True,routed,0.9,,get_current_weather,"get_current_weather,get_hourly_forecast,get_pressure_trend",True,True,True,easy,
73,Trong vài giờ tới ở Hà Nội có khả năng giông mạnh không?,weather_alert,weather_alert,True,city,city,True,routed,0.9,,get_weather_alerts,"get_weather_alerts,get_weather_change_alert,get_pressure_trend,get_rain_timeline,get_hourly_forecast",True,True,True,medium,Giông mạnh = hiện tượng thời tiết nguy hiểm
74,Ngày mai gió mùa về ở Hà Nội thì cảm giác lạnh sẽ như thế nào?,wind_query,wind_query,True,city,city,True,routed,0.9,,get_current_weather,"get_current_weather,get_hourly_forecast,get_pressure_trend",True,True,True,hard,Kết hợp cảm giác lạnh do gió
75,Gió giật tối nay ở Hà Nội mạnh nhất khoảng bao nhiêu m/s?,wind_query,wind_query,True,city,city,True,routed,0.9,,get_current_weather,"get_current_weather,get_hourly_forecast,get_pressure_trend",True,True,True,easy,
76,Tuần này có đợt gió lạnh mạnh nào ở Hà Nội không?,wind_query,wind_query,True,city,city,True,routed,0.9,,get_pressure_trend,"get_current_weather,get_hourly_forecast,get_pressure_trend",True,True,True,medium,
77,Hướng gió hiện tại ở Gia Lâm là hướng nào?,wind_query,wind_query,True,district,district,True,routed,0.9,,get_current_weather,"get_current_weather,get_hourly_forecast,get_pressure_trend",True,True,True,easy,
78,Chiều nay đi xe máy ở Hà Nội có bị ảnh hưởng bởi gió mạnh không?,wind_query,wind_query,True,city,city,True,routed,0.9,,get_current_weather,"get_current_weather,get_hourly_forecast,get_pressure_trend",True,True,True,medium,Ứng dụng thực tế
79,Sáng mai ở Đông Anh gió đông bắc có mạnh không?,wind_query,wind_query,True,district,district,True,routed,0.9,,get_current_weather,"get_current_weather,get_hourly_forecast,get_pressure_trend",True,True,True,medium,Đề cập hướng gió cụ thể
80,Tốc độ gió trung bình hôm nay ở Hà Nội là bao nhiêu?,wind_query,wind_query,True,city,city,True,routed,0.9,,get_current_weather,"get_current_weather,get_hourly_forecast,get_pressure_trend",True,True,True,easy,
81,Sáng mai ở Quốc Oai có sương mù dày không?,humidity_fog_query,humidity_fog_query,True,district,district,True,routed,0.9,,detect_phenomena,"get_current_weather,detect_phenomena,get_humidity_timeline",True,True,True,medium,
82,Hiện tại ở Hà Đông độ ẩm khoảng bao nhiêu phần trăm?,humidity_fog_query,humidity_fog_query,True,district,district,True,routed,0.9,,get_current_weather,"get_current_weather,detect_phenomena,get_humidity_timeline",True,True,True,easy,
83,"Chiều nay ở Tây Hồ trời có nhiều mây không, có đẹp để chụp ảnh hoàng hôn không?",humidity_fog_query,humidity_fog_query,True,district,district,True,routed,0.9,,get_current_weather,"get_current_weather,detect_phenomena,get_humidity_timeline",True,True,True,medium,Gắn với hoạt động
84,Đêm nay ở nội thành Hà Nội tầm nhìn xa có bị hạn chế vì sương mù không?,humidity_fog_query,humidity_fog_query,True,city,city,True,routed,0.9,,detect_phenomena,"get_current_weather,detect_phenomena,get_humidity_timeline",True,True,True,medium,
85,Sáng sớm mai ở khu vực ngoại thành Hà Nội có sương mù lái xe nguy hiểm không?,humidity_fog_query,humidity_fog_query,True,city,city,True,routed,0.9,,detect_phenomena,"get_current_weather,detect_phenomena,get_humidity_timeline",True,True,True,hard,Ngữ cảnh an toàn giao thông
86,"Tối nay ở Thanh Xuân độ ẩm cao không, cảm giác ngột ngạt không?",humidity_fog_query,humidity_fog_query,True,district,district,True,routed,0.9,,get_humidity_timeline,"get_current_weather,detect_phenomena,get_humidity_timeline",True,True,True,easy,
87,Bầu trời Hà Nội tuần này có hay bị mây che nhiều không?,humidity_fog_query,humidity_fog_query,True,city,city,True,routed,0.9,,detect_phenomena,"get_current_weather,detect_phenomena,get_humidity_timeline",True,True,True,easy,
88,Hôm nay không khí ở Hà Nội khô hay ẩm?,humidity_fog_query,humidity_fog_query,True,city,city,True,routed,0.9,,get_humidity_timeline,"get_current_weather,detect_phenomena,get_humidity_timeline",True,True,True,easy,
89,"Mấy ngày nay Hà Nội hay nồm ẩm, hôm nay độ ẩm có cao không?",humidity_fog_query,humidity_fog_query,True,city,city,True,routed,0.9,,get_humidity_timeline,"get_current_weather,detect_phenomena,get_humidity_timeline",True,True,True,hard,Câu hỏi ngữ cảnh nồm ẩm VN
90,Tầm nhìn trên đường cao tốc Pháp Vân sáng mai thế nào?,humidity_fog_query,humidity_fog_query,True,poi,district,False,routed,0.9,,get_current_weather,"get_current_weather,detect_phenomena,get_humidity_timeline",True,False,False,medium,POI giao thông
91,Hôm qua ở Hà Nội nhiệt độ cao nhất là bao nhiêu độ?,historical_weather,historical_weather,True,city,city,True,routed,0.9,,get_weather_history,"get_weather_history,get_daily_summary,get_weather_period",True,True,True,easy,
92,Ngày 28/2 vừa rồi ở quận Đống Đa có mưa không?,historical_weather,historical_weather,True,district,district,True,routed,0.9,,get_weather_history,"get_weather_history,get_daily_summary,get_weather_period",True,True,True,medium,Ngày cụ thể trong quá khứ
93,Ba ngày trước ở Gia Lâm trời có rét đậm không?,historical_weather,historical_weather,True,district,district,True,routed,0.9,,get_weather_history,"get_weather_history,get_daily_summary,get_weather_period",True,True,True,medium,
94,"Bạn tóm tắt thời tiết hôm qua ở Long Biên giúp mình (mưa, nhiệt độ, gió).",historical_weather,historical_weather,True,district,district,True,routed,0.9,,get_weather_history,"get_weather_history,get_daily_summary,get_weather_period",True,True,True,medium,Tóm tắt nhiều thông số
95,Tuần trước Hà Nội có ngày nào nắng đẹp không?,historical_weather,historical_weather,True,city,city,True,routed,0.9,,get_weather_history,"get_weather_history,get_daily_summary,get_weather_period",True,True,True,hard,Nhiều lần gọi API
96,Hôm qua lượng mưa ở Hà Nội là bao nhiêu mm?,historical_weather,historical_weather,True,city,city,True,routed,0.9,,get_weather_history,"get_weather_history,get_daily_summary,get_weather_period",True,True,True,easy,
97,"Tháng 2 vừa rồi Hà Nội ngày nào rét nhất, bao nhiêu độ?",historical_weather,historical_weather,True,city,city,True,routed,0.9,,,"get_weather_history,get_daily_summary,get_weather_period",False,False,False,hard,"Nhiều call, cần lặp từng ngày"
98,"Hôm kia gió ở Hà Nội mạnh không, hướng nào?",historical_weather,historical_weather,True,city,city,True,routed,0.9,,get_weather_history,"get_weather_history,get_daily_summary,get_weather_period",True,True,True,easy,
99,Thứ 7 tuần trước ở quận Cầu Giấy trời thế nào?,historical_weather,historical_weather,True,district,district,True,routed,0.9,,get_weather_history,"get_weather_history,get_daily_summary,get_weather_period",True,True,True,medium,
100,Hôm qua nhiệt độ thấp nhất ở Sóc Sơn là bao nhiêu?,historical_weather,historical_weather,True,district,district,True,routed,0.9,,get_weather_history,"get_weather_history,get_daily_summary,get_weather_period",True,True,True,easy,
101,Hiện tại giữa Cầu Giấy và Hoàn Kiếm nơi nào mát hơn?,location_comparison,location_comparison,True,district,district,True,routed,0.9,,compare_weather,"compare_weather,get_ward_ranking_in_district,get_district_ranking,get_district_multi_compare",True,True,True,medium,"2 API call, cần so sánh"
102,Chiều nay mưa ở Hà Đông có nặng hơn so với Thanh Xuân không?,location_comparison,location_comparison,True,district,district,True,routed,0.9,,compare_weather,"compare_weather,get_ward_ranking_in_district,get_district_ranking,get_district_multi_compare",True,True,True,medium,
103,Tối nay gió ở Sóc Sơn với Bắc Từ Liêm nơi nào mạnh hơn?,location_comparison,location_comparison,True,district,district,True,routed,0.9,,compare_weather,"compare_weather,get_ward_ranking_in_district,get_district_ranking,get_district_multi_compare",True,True,True,medium,
104,So sánh thời tiết hiện tại ở Mỹ Đình và Times City giúp mình.,location_comparison,location_comparison,True,poi,district,False,routed,0.9,,compare_weather,"compare_weather,get_ward_ranking_in_district,get_district_ranking,get_district_multi_compare",True,True,False,medium,
105,Nội thành và ngoại thành Hà Nội tối nay nhiệt độ chênh nhau bao nhiêu?,location_comparison,location_comparison,True,city,city,True,routed,0.9,,get_district_multi_compare,"get_district_ranking,get_district_multi_compare,compare_weather",True,False,False,hard,Phân vùng nội/ngoại thành
106,Ngày mai ở Long Biên và Gia Lâm nơi nào có nhiều mưa hơn?,location_comparison,location_comparison,True,district,district,True,routed,0.9,,compare_weather,"compare_weather,get_ward_ranking_in_district,get_district_ranking,get_district_multi_compare",True,True,True,medium,
107,Hôm nay ở Tây Hồ và Hoàng Mai nơi nào ẩm hơn?,location_comparison,location_comparison,True,district,district,True,routed,0.9,,compare_weather,"compare_weather,get_ward_ranking_in_district,get_district_ranking,get_district_multi_compare",True,True,True,easy,
108,Cuối tuần này thời tiết ở nội thành khác ngoại thành Hà Nội như thế nào?,location_comparison,location_comparison,True,city,city,True,routed,0.9,,get_district_multi_compare,"get_district_ranking,get_district_multi_compare,compare_weather",True,False,False,hard,Câu hỏi mở rộng địa lý
109,Chiều nay ở Hồ Gươm thời tiết có phù hợp để đi dạo không?,activity_weather,activity_weather,True,poi,district,False,routed,0.9,,get_activity_advice,"get_activity_advice,get_best_time,get_uv_safe_windows,get_current_weather,get_comfort_index",True,True,False,easy,
110,"Tối nay ở Mỹ Đình mình chạy bộ có ổn không, có mưa hay gió to không?",activity_weather,activity_weather,True,poi,district,False,routed,0.9,,"get_activity_advice,get_uv_safe_windows,get_clothing_advice","get_activity_advice,get_best_time,get_uv_safe_windows,get_current_weather,get_comfort_index",True,False,False,easy,
111,Cuối tuần này thời tiết ở Ba Vì có thuận lợi để đi trekking không?,activity_weather,activity_weather,True,district,district,True,routed,0.9,,get_activity_advice,"get_activity_advice,get_best_time,get_uv_safe_windows,get_current_weather,get_comfort_index",True,True,True,medium,
112,Ngày mai ở Long Biên có nắng đủ để phơi quần áo ngoài trời không?,activity_weather,activity_weather,True,district,district,True,routed,0.9,,get_activity_advice,"get_activity_advice,get_best_time,get_uv_safe_windows,get_current_weather,get_comfort_index",True,True,True,easy,
113,Tối nay đưa trẻ con đi chơi ở công viên Cầu Giấy có lạnh quá không?,activity_weather,activity_weather,True,poi,district,False,routed,0.9,,get_activity_advice,"get_activity_advice,get_best_time,get_uv_safe_windows,get_current_weather,get_comfort_index",True,False,False,easy,
114,Sáng mai ở Hà Nội tập thể dục ngoài trời được không?,activity_weather,activity_weather,True,city,city,True,routed,0.9,,get_activity_advice,"get_activity_advice,get_best_time,get_uv_safe_windows,get_current_weather,get_comfort_index",True,True,True,easy,
115,Cuối tuần này đi chụp ảnh ở Hồ Tây thì thời tiết có đẹp không?,activity_weather,activity_weather,True,poi,district,False,routed,0.9,,get_activity_advice,"get_activity_advice,get_best_time,get_uv_safe_windows,get_current_weather,get_comfort_index",True,True,False,medium,
116,Thứ bảy này đi xe máy từ Hà Nội về Hòa Bình có gặp mưa không?,activity_weather,activity_weather,True,city,city,True,routed,0.9,,get_activity_advice,"get_activity_advice,get_best_time,get_uv_safe_windows,get_current_weather,get_comfort_index",True,True,True,medium,Hành trình di chuyển
117,Hôm nay thời tiết Hà Nội có thích hợp để tổ chức sự kiện ngoài trời không?,activity_weather,activity_weather,True,city,city,True,routed,0.9,,get_activity_advice,"get_activity_advice,get_best_time,get_uv_safe_windows,get_current_weather,get_comfort_index",True,True,True,hard,Tiêu chí đa chiều
118,Ngày mai ở Đan Phượng có thuận lợi để làm nông ngoài trời không?,activity_weather,activity_weather,True,district,district,True,routed,0.9,,get_activity_advice,"get_activity_advice,get_best_time,get_uv_safe_windows,get_current_weather,get_comfort_index",True,True,True,medium,
119,Sáng chủ nhật ở Hồ Gươm đi bộ có bị ướt mưa không?,activity_weather,activity_weather,True,poi,district,False,routed,0.9,,get_activity_advice,"get_activity_advice,get_best_time,get_uv_safe_windows,get_current_weather,get_comfort_index",True,True,False,easy,
120,Chiều nay ở sân Mỹ Đình thời tiết có ổn để xem bóng đá ngoài trời không?,activity_weather,activity_weather,True,poi,district,False,routed,0.9,,get_activity_advice,"get_activity_advice,get_best_time,get_uv_safe_windows,get_current_weather,get_comfort_index",True,False,False,medium,
121,Hiện tại ở Hà Nội áp suất khí quyển là bao nhiêu hPa?,expert_weather_param,expert_weather_param,True,city,city,True,routed,0.9,,get_current_weather,"get_current_weather,get_comfort_index,get_pressure_trend,get_weather_history,get_uv_safe_windows",True,True,True,easy,Expert
122,Điểm sương (dew point) ở quận Đống Đa bây giờ là bao nhiêu?,expert_weather_param,expert_weather_param,True,district,district,True,routed,0.9,,,"get_current_weather,get_comfort_index,get_pressure_trend,get_weather_history,get_uv_safe_windows",False,False,False,medium,"Expert, thuật ngữ kỹ thuật"
123,"Chỉ số UV trưa nay ở Tây Hồ khoảng mức nào, có cần chống nắng mạnh không?",expert_weather_param,expert_weather_param,True,district,district,True,routed,0.9,,get_current_weather,"get_current_weather,get_comfort_index,get_pressure_trend,get_weather_history,get_uv_safe_windows",True,True,True,medium,Expert
124,Tổng lượng mưa trong ngày hôm qua ở Gia Lâm là bao nhiêu mm?,expert_weather_param,expert_weather_param,True,district,district,True,routed,0.9,,,"get_current_weather,get_comfort_index,get_pressure_trend,get_weather_history,get_uv_safe_windows",False,False,False,easy,Expert
125,Độ che phủ mây chiều nay ở Ba Đình khoảng bao nhiêu phần trăm?,expert_weather_param,expert_weather_param,True,district,district,True,routed,0.9,,get_current_weather,"get_current_weather,get_comfort_index,get_pressure_trend,get_weather_history,get_uv_safe_windows",True,True,True,easy,Expert
126,Chỉ số cảm giác lạnh do gió (wind chill) tối nay ở Hà Nội là bao nhiêu?,expert_weather_param,expert_weather_param,True,city,city,True,routed,0.9,,,"get_current_weather,get_comfort_index,get_pressure_trend,get_weather_history,get_uv_safe_windows",False,False,False,hard,"Expert, công thức wind chill"
127,Gió giật mạnh nhất hôm nay ở Hà Nội là bao nhiêu m/s?,expert_weather_param,expert_weather_param,True,city,city,True,routed,0.9,,get_current_weather,"get_current_weather,get_comfort_index,get_pressure_trend,get_weather_history,get_uv_safe_windows",True,True,True,easy,Expert
128,Áp suất khí quyển tối nay ở Hà Nội tăng hay giảm so với chiều?,expert_weather_param,expert_weather_param,True,city,city,True,routed,0.9,,get_pressure_trend,"get_current_weather,get_comfort_index,get_pressure_trend,get_weather_history,get_uv_safe_windows",True,True,True,hard,Xu hướng – so sánh 2 timeframe
129,Điểm sương sáng mai ở Hà Nội có ngưỡng gây sương mù không?,expert_weather_param,expert_weather_param,True,city,city,True,routed,0.9,,get_current_weather,"get_current_weather,get_comfort_index,get_pressure_trend,get_weather_history,get_uv_safe_windows",True,True,True,hard,"Expert, ngưỡng vật lý"
130,Độ che phủ mây lúc hoàng hôn ở Hồ Tây chiều nay là bao nhiêu?,expert_weather_param,expert_weather_param,True,poi,district,False,routed,0.86,,get_current_weather,"get_current_weather,get_comfort_index,get_pressure_trend,get_weather_history,get_uv_safe_windows",True,True,False,hard,Giờ hoàng hôn từ current.sunset
131,Chiều nay ở Hà Nội có khả năng xảy ra mưa dông mạnh không?,weather_alert,weather_alert,True,city,city,True,routed,0.83,,get_weather_alerts,"get_weather_alerts,get_weather_change_alert,get_pressure_trend,get_rain_timeline,get_hourly_forecast",True,True,True,medium,
132,Mấy ngày tới ở Bắc Từ Liêm có đợt rét đậm rét hại nào không?,weather_alert,weather_alert,True,district,district,True,routed,0.9,,get_weather_alerts,"get_weather_alerts,get_weather_change_alert,get_pressure_trend,get_rain_timeline,get_hourly_forecast",True,True,True,medium,"Rét đậm <15°C, rét hại <13°C"
133,Tuần này Hà Nội có đợt nắng nóng gay gắt nào không?,weather_alert,weather_alert,True,city,city,True,routed,0.9,,get_weather_alerts,"get_weather_alerts,get_weather_change_alert,get_pressure_trend,get_rain_timeline,get_hourly_forecast",True,True,True,medium,Nắng nóng >37°C
134,Tối nay ở Sóc Sơn có cảnh báo giông lốc nguy hiểm không?,weather_alert,weather_alert,True,district,district,True,routed,0.9,,get_weather_alerts,"get_weather_alerts,get_weather_change_alert,get_pressure_trend,get_rain_timeline,get_hourly_forecast",True,True,True,hard,
135,Cuối tuần này có bão hay áp thấp nhiệt đới ảnh hưởng đến Hà Nội không?,weather_alert,weather_alert,True,city,city,True,routed,0.9,,get_weather_alerts,"get_weather_alerts,get_weather_change_alert,get_pressure_trend,get_rain_timeline,get_hourly_forecast",True,True,True,hard,Cần alerts endpoint
136,Ngày mai có cảnh báo thời tiết nguy hiểm nào ở Hà Nội không?,weather_alert,weather_alert,True,city,city,True,routed,0.9,,get_weather_alerts,"get_weather_alerts,get_weather_change_alert,get_pressure_trend,get_rain_timeline,get_hourly_forecast",True,True,True,easy,
137,Mưa lớn tối nay ở Hà Nội có thể gây ngập ở khu vực nào không?,weather_alert,weather_alert,True,city,city,True,routed,0.9,,get_weather_alerts,"get_weather_alerts,get_weather_change_alert,get_pressure_trend,get_rain_timeline,get_hourly_forecast",True,True,True,hard,Cần rule engine ngập lụt
138,Đợt lạnh sắp tới ở Hà Nội nhiệt độ có thể xuống bao thấp?,weather_alert,temperature_query,False,city,city,True,routed,0.82,,get_temperature_trend,"get_weather_alerts,get_weather_change_alert,get_pressure_trend,get_rain_timeline,get_hourly_forecast",False,True,False,medium,
139,Hà Nội hôm nay có cảnh báo nắng nóng cực đoan không?,weather_alert,weather_alert,True,city,city,True,routed,0.9,,get_weather_alerts,"get_weather_alerts,get_weather_change_alert,get_pressure_trend,get_rain_timeline,get_hourly_forecast",True,True,True,easy,
140,Tuần tới ở Hà Nội có nguy cơ mưa giông kèm lốc xoáy không?,weather_alert,weather_alert,True,city,city,True,routed,0.9,,get_weather_alerts,"get_weather_alerts,get_weather_change_alert,get_pressure_trend,get_rain_timeline,get_hourly_forecast",True,True,True,hard,
141,Trời Hà Nội dạo này khó chịu quá nhỉ?,seasonal_context,seasonal_context,True,city,city,True,routed,0.9,,get_seasonal_comparison,"get_seasonal_comparison,compare_with_yesterday,get_temperature_trend,get_weather_history,get_daily_summary",True,True,True,hard,Xu hướng gần đây + cảm nhận mùa
142,Không biết mai có mưa không nhỉ?,rain_query,smalltalk_weather,False,city,city,True,routed,0.9,,get_hourly_forecast,"get_rain_timeline,get_hourly_forecast,get_daily_forecast,get_weather_alerts",True,True,False,easy,Câu nói casual nhưng bản chất hỏi mưa ngày mai
143,"Ngoài trời lạnh quá, có nên mặc áo phao không?",smalltalk_weather,smalltalk_weather,True,city,city,True,routed,0.9,,get_current_weather,"get_current_weather,get_clothing_advice,get_comfort_index,get_activity_advice",True,True,True,medium,Tư vấn trang phục
144,Bạn có thể tư vấn hôm nay nên mặc gì không?,smalltalk_weather,activity_weather,False,city,city,True,routed,0.9,,get_clothing_advice,"get_current_weather,get_clothing_advice,get_comfort_index,get_activity_advice",True,True,False,hard,Ứng dụng thực tế cao
145,Sao Hà Nội hôm nay nắng đẹp thế?,smalltalk_weather,smalltalk_weather,True,city,city,True,routed,0.9,,get_current_weather,"get_current_weather,get_clothing_advice,get_comfort_index,get_activity_advice",True,True,True,easy,Câu cảm thán → xác nhận + thông tin thêm
146,Mình cần mang ô đi làm hôm nay không?,smalltalk_weather,rain_query,False,city,city,True,routed,0.9,,get_rain_timeline,"get_current_weather,get_clothing_advice,get_comfort_index,get_activity_advice",False,True,False,easy,Câu hỏi thực dụng
147,Thời tiết mấy hôm nay hay thay đổi quá bạn nhỉ?,seasonal_context,seasonal_context,True,city,city,True,routed,0.9,,compare_with_yesterday,"get_seasonal_comparison,compare_with_yesterday,get_temperature_trend,get_weather_history,get_daily_summary",True,True,True,hard,Xu hướng thay đổi thời tiết gần đây
148,Hà Nội năm nay rét muộn không bạn?,seasonal_context,seasonal_context,True,city,city,True,routed,0.9,,get_seasonal_comparison,"get_seasonal_comparison,compare_with_yesterday,get_temperature_trend,get_weather_history,get_daily_summary",True,True,True,hard,"Câu hỏi mùa vụ, so sánh lịch sử"
149,Thời tiết hôm nay có gì bất thường không?,seasonal_context,weather_alert,False,city,city,True,routed,0.9,,get_weather_change_alert,"get_seasonal_comparison,compare_with_yesterday,get_temperature_trend,get_weather_history,get_daily_summary",False,True,False,hard,Phát hiện bất thường so với mùa
150,Tối nay trời có đẹp để ngắm sao không?,smalltalk_weather,smalltalk_weather,True,city,city,True,routed,0.9,,get_current_weather,"get_current_weather,get_clothing_advice,get_comfort_index,get_activity_advice",True,True,True,medium,Hoạt động ngắm sao đêm
151,Bây giờ ra ngoài có thoải mái không?,activity_weather,activity_weather,True,city,city,True,routed,0.9,,get_activity_advice,"get_activity_advice,get_best_time,get_uv_safe_windows,get_current_weather,get_comfort_index",True,True,True,easy,Tool mới: comfort index
152,Thời tiết ở Cầu Giấy có dễ chịu không?,activity_weather,smalltalk_weather,False,district,district,True,routed,0.9,,get_current_weather,"get_activity_advice,get_best_time,get_uv_safe_windows,get_current_weather,get_comfort_index",True,True,False,easy,Tool mới: comfort index
153,Chiều nay ở Hồ Tây ra ngoài có ổn không?,activity_weather,activity_weather,True,poi,district,False,routed,0.9,,get_activity_advice,"get_activity_advice,get_best_time,get_uv_safe_windows,get_current_weather,get_comfort_index",True,True,False,medium,POI + comfort index
154,Trời có chuyển mưa không?,weather_alert,weather_alert,True,city,city,True,routed,0.9,,get_weather_change_alert,"get_weather_alerts,get_weather_change_alert,get_pressure_trend,get_rain_timeline,get_hourly_forecast",True,True,True,medium,Tool mới: weather change
155,Thời tiết sắp có thay đổi gì không?,weather_alert,weather_alert,True,city,city,True,routed,0.9,,get_weather_change_alert,"get_weather_alerts,get_weather_change_alert,get_pressure_trend,get_rain_timeline,get_hourly_forecast",True,True,True,medium,Tool mới: weather change
156,Vài giờ tới ở Đống Đa thời tiết có biến động không?,weather_alert,weather_alert,True,district,district,True,routed,0.9,,get_weather_change_alert,"get_weather_alerts,get_weather_change_alert,get_pressure_trend,get_rain_timeline,get_hourly_forecast",True,True,True,medium,Tool mới: weather change
157,Xin chào bạn!,smalltalk_weather,smalltalk_weather,True,city,city,True,routed,0.9,,,"get_current_weather,get_clothing_advice,get_comfort_index,get_activity_advice",True,True,True,easy,Edge case: greeting - không gọi tool
158,Thời tiết ở Đà Nẵng hôm nay thế nào?,smalltalk_weather,smalltalk_weather,True,city,city,True,routed,0.9,,,"get_current_weather,get_clothing_advice,get_comfort_index,get_activity_advice",True,False,True,easy,Edge case: ngoài Hà Nội
159,Dự báo thời tiết Hà Nội tháng sau?,daily_forecast,daily_forecast,True,city,city,True,routed,0.9,,,"get_daily_forecast,get_weather_period,get_temperature_trend",False,False,False,hard,Edge case: vượt quá 8 ngày
160,Cuối tuần này đi cắm trại ở Ba Vì có được không?,activity_weather,activity_weather,True,district,district,True,routed,0.9,,get_activity_advice,"get_activity_advice,get_best_time,get_uv_safe_windows,get_current_weather,get_comfort_index",True,True,True,medium,Activity mới: cam_trai
161,Ngày mai có nên đi câu cá ở Sóc Sơn không?,activity_weather,activity_weather,True,district,district,True,routed,0.9,,get_activity_advice,"get_activity_advice,get_best_time,get_uv_safe_windows,get_current_weather,get_comfort_index",True,True,True,medium,Activity mới: cau_ca
162,Hôm nay thời tiết có phù hợp để tổ chức sự kiện ngoài trời ở Mỹ Đình không?,activity_weather,activity_weather,True,poi,district,False,routed,0.9,,get_activity_advice,"get_activity_advice,get_best_time,get_uv_safe_windows,get_current_weather,get_comfort_index",True,True,False,hard,Activity mới: su_kien
163,Mưa ở Hoàng Mai kéo dài đến mấy giờ?,rain_query,rain_query,True,district,district,True,routed,0.9,,get_rain_timeline,"get_rain_timeline,get_hourly_forecast,get_daily_forecast,get_weather_alerts",True,True,True,hard,Rain timeline cho district level
164,Hôm nay nóng hơn hôm qua không?,seasonal_context,seasonal_context,True,city,city,True,routed,0.9,,compare_with_yesterday,"get_seasonal_comparison,compare_with_yesterday,get_temperature_trend,get_weather_history,get_daily_summary",True,True,True,easy,So sánh ngày qua
165,So với hôm qua thì hôm nay ở Cầu Giấy thế nào?,seasonal_context,seasonal_context,True,district,district,True,routed,0.9,,compare_with_yesterday,"get_seasonal_comparison,compare_with_yesterday,get_temperature_trend,get_weather_history,get_daily_summary",True,True,True,easy,So sánh ngày qua - district
166,Nhiệt độ mấy ngày nay ở Hà Nội có xu hướng tăng hay giảm?,seasonal_context,seasonal_context,True,city,city,True,routed,0.9,,compare_with_yesterday,"get_seasonal_comparison,compare_with_yesterday,get_temperature_trend,get_weather_history,get_daily_summary",True,True,True,medium,Xu hướng nhiệt độ
167,Thời tiết Hà Nội tuần này có gì khác so với tuần trước?,seasonal_context,seasonal_context,True,city,city,True,routed,0.9,,compare_with_yesterday,"get_seasonal_comparison,compare_with_yesterday,get_temperature_trend,get_weather_history,get_daily_summary",True,True,True,hard,So sánh theo tuần
168,Mùa này Hà Nội có hay mưa giông buổi chiều không?,seasonal_context,seasonal_context,True,city,city,True,routed,0.9,,get_seasonal_comparison,"get_seasonal_comparison,compare_with_yesterday,get_temperature_trend,get_weather_history,get_daily_summary",True,True,True,medium,Đặc trưng mùa mưa giông
169,Hôm qua ở Đống Đa mưa to thế mà hôm nay trời lại nắng nhỉ?,seasonal_context,seasonal_context,True,district,district,True,routed,0.9,,compare_with_yesterday,"get_seasonal_comparison,compare_with_yesterday,get_temperature_trend,get_weather_history,get_daily_summary",True,True,True,medium,Nhận xét thay đổi đột ngột
170,Hà Nội gần đây có hiện tượng thời tiết cực đoan nào không?,seasonal_context,seasonal_context,True,city,city,True,routed,0.9,,get_seasonal_comparison,"get_seasonal_comparison,compare_with_yesterday,get_temperature_trend,get_weather_history,get_daily_summary",True,True,True,hard,Phát hiện cực đoan
171,Nhiệt độ ở Long Biên hôm nay so với hôm qua chênh bao nhiêu?,seasonal_context,seasonal_context,True,district,district,True,routed,0.9,,compare_with_yesterday,"get_seasonal_comparison,compare_with_yesterday,get_temperature_trend,get_weather_history,get_daily_summary",True,True,True,easy,So sánh cụ thể - district
172,"Thời tiết tại phường Bạch Mai, Hai Bà Trưng hiện tại thế nào?",current_weather,current_weather,True,ward,ward,True,routed,0.9,,get_current_weather,"get_current_weather,detect_phenomena,get_clothing_advice",True,True,True,easy,Ward-level post-merger: Bạch Mai thuộc Hai Bà Trưng
173,"Phường Lĩnh Nam, Hoàng Mai chiều nay có mưa không?",rain_query,rain_query,True,ward,ward,True,routed,0.9,,get_rain_timeline,"get_rain_timeline,get_hourly_forecast,get_daily_forecast,get_weather_alerts",True,True,True,medium,Ward-level: Lĩnh Nam - Hoàng Mai
174,"Gió ở phường Vĩnh Tuy, Hai Bà Trưng tối nay mạnh không?",wind_query,wind_query,True,ward,ward,True,routed,0.9,,get_current_weather,"get_current_weather,get_hourly_forecast,get_pressure_trend",True,True,True,easy,Ward-level: Vĩnh Tuy - Hai Bà Trưng
175,"Khoảng 8 giờ tối nay ở phường Nghĩa Đô, Cầu Giấy nhiệt độ bao nhiêu?",hourly_forecast,hourly_forecast,True,ward,ward,True,routed,0.9,,get_hourly_forecast,"get_hourly_forecast,get_rain_timeline,get_sunny_periods,get_daily_rhythm",True,True,True,medium,Ward-level + giờ cụ thể: Nghĩa Đô - Cầu Giấy
176,"Nhiệt độ phường Tương Mai, Hoàng Mai lúc này là bao nhiêu độ?",temperature_query,temperature_query,True,ward,ward,True,routed,0.9,,get_current_weather,"get_current_weather,get_temperature_trend,get_hourly_forecast,get_daily_forecast",True,True,True,easy,Ward-level: Tương Mai - Hoàng Mai
177,"Độ ẩm và khả năng có sương mù ở phường Giảng Võ, Ba Đình sáng nay thế nào?",humidity_fog_query,humidity_fog_query,True,ward,ward,True,routed,0.9,,get_humidity_timeline,"get_current_weather,detect_phenomena,get_humidity_timeline",True,True,True,medium,Ward-level humidity+fog: Giảng Võ - Ba Đình
178,"Dự báo thời tiết 3 ngày tới ở phường Kiến Hưng, Hà Đông ra sao?",daily_forecast,daily_forecast,True,ward,ward,True,routed,0.9,,get_daily_forecast,"get_daily_forecast,get_weather_period,get_temperature_trend",True,True,True,medium,Ward-level daily forecast: Kiến Hưng - Hà Đông
179,"Cuối tuần đi chạy bộ ở phường Xuân Phương, Nam Từ Liêm có thời tiết ổn không?",activity_weather,activity_weather,True,ward,ward,True,routed,0.9,,get_activity_advice,"get_activity_advice,get_best_time,get_uv_safe_windows,get_current_weather,get_comfort_index",True,True,True,medium,Ward-level activity (chạy bộ): Xuân Phương - Nam Từ Liêm
180,Giá vé máy bay Hà Nội - TP.HCM hôm nay bao nhiêu tiền?,smalltalk_weather,smalltalk_weather,True,city,city,True,routed,0.9,,,"get_current_weather,get_clothing_advice,get_comfort_index,get_activity_advice",True,True,True,easy,OOS: hỏi giá vé máy bay - ngoài domain thời tiết
181,Nhà hàng nào ngon ở quận Hoàn Kiếm?,smalltalk_weather,smalltalk_weather,True,district,city,False,routed,0.9,,,"get_current_weather,get_clothing_advice,get_comfort_index,get_activity_advice",True,False,True,easy,OOS: hỏi nhà hàng - ngoài domain thời tiết
182,Thời tiết Đà Nẵng cuối tuần này thế nào?,smalltalk_weather,smalltalk_weather,True,city,city,True,routed,0.9,,,"get_current_weather,get_clothing_advice,get_comfort_index,get_activity_advice",True,False,True,easy,OOS: địa điểm ngoài Hà Nội (Đà Nẵng) - cần từ chối lịch sự
183,Tỷ giá đô la Mỹ hôm nay bao nhiêu?,smalltalk_weather,smalltalk_weather,True,city,city,True,routed,0.9,,,"get_current_weather,get_clothing_advice,get_comfort_index,get_activity_advice",True,True,True,easy,OOS: hỏi tỷ giá - hoàn toàn ngoài domain
184,Bạn có thể viết code Python giúp mình không?,smalltalk_weather,smalltalk_weather,True,city,city,True,routed,0.9,,,"get_current_weather,get_clothing_advice,get_comfort_index,get_activity_advice",True,True,True,easy,OOS: yêu cầu lập trình - hoàn toàn ngoài domain
185,Ở đó nóng không?,smalltalk_weather,temperature_query,False,city,district,False,routed,0.9,,,"get_current_weather,get_clothing_advice,get_comfort_index,get_activity_advice",True,True,False,hard,Ambiguous: anaphoric reference không có context - chatbot cần hỏi lại
186,Thời tiết ngày mai?,smalltalk_weather,daily_forecast,False,city,city,True,routed,0.9,,get_daily_forecast,"get_current_weather,get_clothing_advice,get_comfort_index,get_activity_advice",False,True,False,hard,Ambiguous: thiếu địa điểm - query chưa đầy đủ
187,Khu đó có mưa không?,smalltalk_weather,rain_query,False,city,district,False,routed,0.9,,,"get_current_weather,get_clothing_advice,get_comfort_index,get_activity_advice",True,True,False,hard,Ambiguous: anaphoric khu đó - thiếu context
188,Thế còn chỗ kia thì sao?,smalltalk_weather,location_comparison,False,city,city,True,routed,0.9,,,"get_current_weather,get_clothing_advice,get_comfort_index,get_activity_advice",True,True,False,hard,Ambiguous: vague anaphora - hoàn toàn mơ hồ
189,Cho mình xem thời tiết đi.,smalltalk_weather,smalltalk_weather,True,city,city,True,routed,0.9,,,"get_current_weather,get_clothing_advice,get_comfort_index,get_activity_advice",True,True,True,hard,Ambiguous: không có địa điểm và thời gian - quá mơ hồ
190,ha noi hom nay nong ko,temperature_query,temperature_query,True,city,city,True,routed,0.9,,get_current_weather,"get_current_weather,get_temperature_trend,get_hourly_forecast,get_daily_forecast",True,True,True,medium,Informal robustness: không dấu tiếng Việt
191,toi o cau giay troi mua k,rain_query,rain_query,True,district,district,True,routed,0.9,,get_rain_timeline,"get_rain_timeline,get_hourly_forecast,get_daily_forecast,get_weather_alerts",True,True,True,medium,Informal robustness: viết tắt và không dấu
192,troi ha noi co dep hem,current_weather,smalltalk_weather,False,city,city,True,routed,0.9,,,"get_current_weather,detect_phenomena,get_clothing_advice",False,False,False,medium,Informal robustness: Southern slang hem=không + không dấu
193,nhiet do ha noi bnhieu do,temperature_query,temperature_query,True,city,city,True,routed,0.9,,get_current_weather,"get_current_weather,get_temperature_trend,get_hourly_forecast,get_daily_forecast",True,True,True,medium,Informal robustness: bnhieu=bao nhiêu + không dấu
194,bac tu liem hom nay co mua hong,rain_query,rain_query,True,district,district,True,routed,0.9,,get_rain_timeline,"get_rain_timeline,get_hourly_forecast,get_daily_forecast,get_weather_alerts",True,True,True,medium,Informal robustness: Southern hong=không + không dấu
195,So sánh nhiệt độ hôm nay và ngày mai ở quận Hoàng Mai,location_comparison,seasonal_context,False,district,district,True,routed,0.9,,get_seasonal_comparison,"compare_weather,get_ward_ranking_in_district,get_district_ranking,get_district_multi_compare",False,True,False,hard,Complex: so sánh thời điểm current vs forecast
196,Chiều nay mưa không và nên mặc gì khi ra ngoài?,activity_weather,rain_query,False,city,city,True,routed,0.9,,get_rain_timeline,"get_activity_advice,get_best_time,get_uv_safe_windows,get_current_weather,get_comfort_index",False,True,False,hard,Complex multi-intent: rain query + clothing advice
197,Từ 6 giờ sáng đến 9 giờ tối nay nhiệt độ ở Ba Đình thay đổi thế nào?,hourly_forecast,hourly_forecast,True,district,district,True,routed,0.9,,get_hourly_forecast,"get_hourly_forecast,get_rain_timeline,get_sunny_periods,get_daily_rhythm",True,True,True,hard,Complex: khoảng thời gian 15 giờ liên tục
198,Hà Nội tuần này ngày nào đẹp trời nhất để tổ chức sự kiện ngoài trời?,activity_weather,daily_forecast,False,city,city,True,routed,0.9,,get_weather_period,"get_activity_advice,get_best_time,get_uv_safe_windows,get_current_weather,get_comfort_index",False,True,False,hard,Complex: lựa chọn ngày tốt nhất trong tuần
199,"Cuối tuần đi Ba Vì thời tiết có ổn không, cần chuẩn bị những gì?",activity_weather,daily_forecast,False,district,district,True,routed,0.9,,get_weather_period,"get_activity_advice,get_best_time,get_uv_safe_windows,get_current_weather,get_comfort_index",False,True,False,hard,Complex: trip planning với multiple weather criteria
