model,query,has_history,turn,gt_intent,gt_scope,gt_conf,pred_raw,pred_intent,pred_scope,pred_conf,route_ok,latency_ms
Qwen3-4B-v7,Hà Nội hôm nay khác hôm qua thế nào?,False,1,seasonal_context,city,0.92,"{""intent"": ""seasonal_context"", ""scope"": ""city"", ""confidence"": 0.92}",seasonal_context,city,0.92,True,3091.0
Qwen3-4B-v7,Gió ở Thanh Liệt hiện tại mạnh không?,False,1,wind_query,ward,0.85,"{""intent"": ""wind_query"", ""scope"": ""ward"", ""confidence"": 0.85}",wind_query,ward,0.85,True,1991.1
Qwen3-4B-v7,Ngoài trời ở Hoàn Kiếm giờ nhiệt độ bao nhiêu độ?,False,1,temperature_query,district,0.74,"{""intent"": ""temperature_query"", ""scope"": ""district"", ""confidence"": 0.74}",temperature_query,district,0.74,True,1998.6
Qwen3-4B-v7,UV đạt đỉnh vào khoảng mấy giờ?,True,2,expert_weather_param,ward,0.8,"{""intent"": ""expert_weather_param"", ""scope"": ""ward"", ""confidence"": 0.8, ""rewritten_query"": ""UV ở Phường Cầu Giấy hôm nay đạt đỉnh vào khoảng mấy giờ?""}",expert_weather_param,ward,0.8,True,4397.1
Qwen3-4B-v7,Thứ bảy ở Quận Long Biên trời thế nào?,False,1,daily_forecast,district,0.92,"{""intent"": ""daily_forecast"", ""scope"": ""district"", ""confidence"": 0.92}",daily_forecast,district,0.92,True,2090.5
Qwen3-4B-v7,khoảng mấy giờ?,True,2,rain_query,ward,0.74,"{""intent"": ""rain_query"", ""scope"": ""ward"", ""confidence"": 0.74, ""rewritten_query"": ""Phường Hoàng Mai mưa khoảng mấy giờ?""}",rain_query,ward,0.74,True,3637.9
Qwen3-4B-v7,Thanh Oai giờ này đang lạnh hay nóng nhiều?,False,1,temperature_query,ward,0.74,"{""intent"": ""temperature_query"", ""scope"": ""ward"", ""confidence"": 0.74, ""rewritten_query"": ""Xã Thanh Oai giờ này đang lạnh hay nóng nhiều?""}",temperature_query,ward,0.74,True,3824.0
Qwen3-4B-v7,hom nay di choi duoc khong?,False,1,activity_weather,city,0.85,"{""intent"": ""activity_weather"", ""scope"": ""city"", ""confidence"": 0.85}",activity_weather,city,0.85,True,2005.7
Qwen3-4B-v7,Thời tiết ở Nha Trang hôm nay ra sao?,False,1,smalltalk_weather,city,0.62,"{""intent"": ""smalltalk_weather"", ""scope"": ""city"", ""confidence"": 0.62}",smalltalk_weather,city,0.62,True,2099.8
Qwen3-4B-v7,Hôm nay khu đó ra sao?,True,2,weather_overview,ward,0.8,"{""intent"": ""current_weather"", ""scope"": ""ward"", ""confidence"": 0.8, ""rewritten_query"": ""Hôm nay Phường Hà Đông thời tiết thế nào?""}",current_weather,ward,0.8,False,3940.5
Qwen3-4B-v7,Ba Vì sáng sớm có sương muối không?,False,1,humidity_fog_query,district,0.74,"{""intent"": ""humidity_fog_query"", ""scope"": ""ward"", ""confidence"": 0.74, ""rewritten_query"": ""Xã Ba Vì sáng sớm có sương muối không?""}",humidity_fog_query,ward,0.74,False,3919.1
Qwen3-4B-v7,Chỉ số mây Hà Nội giờ này là bao nhiêu?,False,1,expert_weather_param,city,0.85,"{""intent"": ""expert_weather_param"", ""scope"": ""city"", ""confidence"": 0.85}",expert_weather_param,city,0.85,True,2102.1
Qwen3-4B-v7,"Bạn biết thời tiết ở Định Công, Hoàng Mai buổi tối ra sao không?",False,1,weather_overview,ward,0.74,"{""intent"": ""weather_overview"", ""scope"": ""ward"", ""confidence"": 0.74}",weather_overview,ward,0.74,True,2107.7
Qwen3-4B-v7,Mấy ngày tới ở Thanh Xuân thời tiết thế nào?,False,1,daily_forecast,district,0.74,"{""intent"": ""daily_forecast"", ""scope"": ""district"", ""confidence"": 0.74}",daily_forecast,district,0.74,True,2107.1
Qwen3-4B-v7,Hôm qua Hà Nội mưa không?,False,1,historical_weather,city,0.92,"{""intent"": ""historical_weather"", ""scope"": ""city"", ""confidence"": 0.85}",historical_weather,city,0.85,True,2102.0
Qwen3-4B-v7,Đêm nay có sương mù không bạn?,False,1,humidity_fog_query,city,0.85,"{""intent"": ""humidity_fog_query"", ""scope"": ""city"", ""confidence"": 0.85}",humidity_fog_query,city,0.85,True,2193.9
Qwen3-4B-v7,Xu hướng thời tiết phường Tương Mai mấy ngày qua?,False,1,seasonal_context,ward,0.92,"{""intent"": ""seasonal_context"", ""scope"": ""ward"", ""confidence"": 0.92}",seasonal_context,ward,0.92,True,2107.0
Qwen3-4B-v7,ngày nào nóng nhất?,True,2,temperature_query,ward,0.8,"{""intent"": ""daily_forecast"", ""scope"": ""ward"", ""confidence"": 0.8, ""rewritten_query"": ""Phường Đại Mỗ ngày nào nóng nhất tuần này?""}",daily_forecast,ward,0.8,False,3951.6
Qwen3-4B-v7,Có thông báo thời tiết gì không?,True,2,weather_alert,ward,0.8,"{""intent"": ""weather_alert"", ""scope"": ""ward"", ""confidence"": 0.8, ""rewritten_query"": ""Có cảnh báo thời tiết gì cho phường Hoàng Liệt không?""}",weather_alert,ward,0.8,True,4055.5
Qwen3-4B-v7,Huyện Mỹ Đức nói chung ra sao?,True,2,weather_overview,district,0.85,"{""intent"": ""weather_overview"", ""scope"": ""district"", ""confidence"": 0.85, ""rewritten_query"": ""Tổng quan thời tiết Huyện Mỹ Đức hôm nay""}",weather_overview,district,0.85,True,4244.1
Qwen3-4B-v7,Ba ngày trước ở Long Biên trời có nắng không?,False,1,historical_weather,district,0.74,"{""intent"": ""historical_weather"", ""scope"": ""district"", ""confidence"": 0.74}",historical_weather,district,0.74,True,2110.3
Qwen3-4B-v7,"Độ ẩm tại Phúc Sơn, Mỹ Đức giờ này thế nào?",False,1,humidity_fog_query,ward,0.74,"{""intent"": ""humidity_fog_query"", ""scope"": ""ward"", ""confidence"": 0.74}",humidity_fog_query,ward,0.74,True,2203.4
Qwen3-4B-v7,Sơn Đồng bây giờ thời tiết thế nào?,False,1,current_weather,ward,0.85,"{""intent"": ""current_weather"", ""scope"": ""ward"", ""confidence"": 0.85}",current_weather,ward,0.85,True,2020.6
Qwen3-4B-v7,Chiều nay gió ở Thanh Oai có gì đặc biệt không?,False,1,wind_query,district,0.74,"{""intent"": ""wind_query"", ""scope"": ""district"", ""confidence"": 0.74}",wind_query,district,0.74,True,2030.8
Qwen3-4B-v7,"Bữa nay thời tiết ở Phương Liệt, Thanh Xuân như thế nào nhỉ?",False,1,weather_overview,ward,0.74,"{""intent"": ""weather_overview"", ""scope"": ""ward"", ""confidence"": 0.74}",weather_overview,ward,0.74,True,2126.7
Qwen3-4B-v7,"Nhiệt độ ở Quảng Bị, Chương Mỹ giờ này bao nhiêu?",False,1,temperature_query,ward,0.74,"{""intent"": ""temperature_query"", ""scope"": ""ward"", ""confidence"": 0.74}",temperature_query,ward,0.74,True,2031.1
Qwen3-4B-v7,Quận Cầu Giấy tổng quan tuần này,False,1,weather_overview,district,0.92,"{""intent"": ""weather_overview"", ""scope"": ""district"", ""confidence"": 0.92, ""rewritten_query"": ""Tổng quan thời tiết Quận Cầu Giấy tuần này""}",weather_overview,district,0.92,True,3938.1
Qwen3-4B-v7,Quận Hoàn Kiếm cảnh báo gì không?,True,2,weather_alert,district,0.85,"{""intent"": ""weather_alert"", ""scope"": ""district"", ""confidence"": 0.85, ""rewritten_query"": ""Quận Hoàn Kiếm có cảnh báo thời tiết gì không?""}",weather_alert,district,0.85,True,4158.3
Qwen3-4B-v7,Thời tiết ở Hoài Đức mấy bữa nay có ấm lên hay lạnh đi?,False,1,seasonal_context,district,0.74,"{""intent"": ""seasonal_context"", ""scope"": ""district"", ""confidence"": 0.74}",seasonal_context,district,0.74,True,2123.2
Qwen3-4B-v7,thứ 4 thì sao?,True,3,daily_forecast,ward,0.8,"{""intent"": ""daily_forecast"", ""scope"": ""ward"", ""confidence"": 0.8, ""rewritten_query"": ""Dự báo Phường Cầu Giấy thứ 4 tuần sau thế nào?""}",daily_forecast,ward,0.8,True,4472.1
Qwen3-4B-v7,Ở Lăng Chủ tịch hay Nội Bài mát hơn?,False,1,location_comparison,ward,0.62,"{""intent"": ""location_comparison"", ""scope"": ""ward"", ""confidence"": 0.62}",location_comparison,ward,0.62,True,2024.7
Qwen3-4B-v7,Sáng mai ở Sóc Sơn có sương mù dày không?,False,1,humidity_fog_query,district,0.74,"{""intent"": ""humidity_fog_query"", ""scope"": ""district"", ""confidence"": 0.74}",humidity_fog_query,district,0.74,True,2207.7
Qwen3-4B-v7,ban la ai vay?,False,1,smalltalk_weather,city,0.62,"{""intent"": ""smalltalk_weather"", ""scope"": ""city"", ""confidence"": 0.62}",smalltalk_weather,city,0.62,True,2111.6
Qwen3-4B-v7,Chương Mỹ ngày mai thế nào?,False,1,daily_forecast,ward,0.74,"{""intent"":""daily_forecast"",""scope"":""ward"",""confidence"":0.74,""rewritten_query"":""Dự báo Xã Chương Mỹ ngày mai thế nào?""}",daily_forecast,ward,0.74,True,3177.9
Qwen3-4B-v7,Bây giờ ở phường Dịch Vọng có mưa không nhỉ?,False,1,current_weather,ward,0.92,"{""intent"": ""rain_query"", ""scope"": ""ward"", ""confidence"": 0.92}",rain_query,ward,0.92,False,2029.3
Qwen3-4B-v7,Dự báo thời tiết cho Hà Nội trong 48 tiếng tới thế nào?,False,1,daily_forecast,city,0.85,"{""intent"": ""hourly_forecast"", ""scope"": ""city"", ""confidence"": 0.85}",hourly_forecast,city,0.85,False,2209.2
Qwen3-4B-v7,Tối nay ở Hà Nội có gió xoáy mạnh không?,False,1,wind_query,city,0.85,"{""intent"": ""wind_query"", ""scope"": ""city"", ""confidence"": 0.85}",wind_query,city,0.85,True,2032.2
Qwen3-4B-v7,du bao thoi tiet ha noi theo gio toi nay,False,1,hourly_forecast,city,0.85,"{""intent"": ""hourly_forecast"", ""scope"": ""city"", ""confidence"": 0.85}",hourly_forecast,city,0.85,True,2207.3
Qwen3-4B-v7,"Cảm ơn nhé, tôi biết rồi!",True,2,smalltalk_weather,city,0.62,"{""intent"": ""smalltalk_weather"", ""scope"": ""city"", ""confidence"": 0.62}",smalltalk_weather,city,0.62,True,2263.9
Qwen3-4B-v7,Mưa to k bạn ơi?,False,1,weather_alert,city,0.85,"{""intent"": ""weather_alert"", ""scope"": ""city"", ""confidence"": 0.85}",weather_alert,city,0.85,True,2023.4
Qwen3-4B-v7,Thời tiết ở Phường Phú Thượng (Tây Hồ) có nóng hơn Phường Sơn Tây (Đông Anh) không?,False,1,location_comparison,ward,0.74,"{""intent"": ""location_comparison"", ""scope"": ""ward"", ""confidence"": 0.74}",location_comparison,ward,0.74,True,2082.0
Qwen3-4B-v7,hom nay troi dep qua nhi?,False,1,smalltalk_weather,city,0.62,"{""intent"": ""smalltalk_weather"", ""scope"": ""city"", ""confidence"": 0.62}",smalltalk_weather,city,0.62,True,2114.0
Qwen3-4B-v7,Gia Lâm sáng mai gió như thế nào?,True,2,wind_query,district,0.8,"{""intent"": ""wind_query"", ""scope"": ""district"", ""confidence"": 0.8}",wind_query,district,0.8,True,2075.4
Qwen3-4B-v7,Nhiệt độ thì sao?,True,2,temperature_query,ward,0.8,"{""intent"": ""temperature_query"", ""scope"": ""ward"", ""confidence"": 0.8, ""rewritten_query"": ""Nhiệt độ Phường Đống Đa hôm nay bao nhiêu?""}",temperature_query,ward,0.8,True,4348.8
Qwen3-4B-v7,"5 ngày tới ở phường Phúc Lợi, Long Biên thời tiết thay đổi thế nào?",False,1,daily_forecast,ward,0.74,"{""intent"": ""daily_forecast"", ""scope"": ""ward"", ""confidence"": 0.74}",daily_forecast,ward,0.74,True,2134.9
Qwen3-4B-v7,Cho mình biết mây ở Phường Bạch Mai,False,1,expert_weather_param,ward,0.92,"{""intent"": ""expert_weather_param"", ""scope"": ""ward"", ""confidence"": 0.92}",expert_weather_param,ward,0.92,True,2116.9
Qwen3-4B-v7,Cầu Giấy hay Đống Đa hôm nay mát hơn?,True,2,location_comparison,district,0.8,"{""intent"": ""location_comparison"", ""scope"": ""district"", ""confidence"": 0.8}",location_comparison,district,0.8,True,2075.8
Qwen3-4B-v7,Xu hướng thời tiết phường Phú Diễn mấy ngày qua?,False,1,seasonal_context,ward,0.92,"{""intent"": ""seasonal_context"", ""scope"": ""ward"", ""confidence"": 0.92}",seasonal_context,ward,0.92,True,2116.5
Qwen3-4B-v7,Chiều nay khoảng 2-3 giờ Hà Nội có mưa không?,False,1,hourly_forecast,city,0.85,"{""intent"": ""hourly_forecast"", ""scope"": ""city"", ""confidence"": 0.85}",hourly_forecast,city,0.85,True,2209.3
Qwen3-4B-v7,khu đó độ ẩm cao không?,True,2,humidity_fog_query,ward,0.8,"{""intent"": ""humidity_fog_query"", ""scope"": ""ward"", ""confidence"": 0.8, ""rewritten_query"": ""Phường Tây Mỗ độ ẩm hiện tại có cao không?""}",humidity_fog_query,ward,0.8,True,4352.8
Qwen3-4B-v7,ở đó có nóng không?,True,2,temperature_query,ward,0.8,"{""intent"": ""temperature_query"", ""scope"": ""ward"", ""confidence"": 0.8, ""rewritten_query"": ""Xã Ứng Hòa hôm nay có nóng không?""}",temperature_query,ward,0.8,True,3872.6
Qwen3-4B-v7,Ngày mai quận Mỹ Đức trời sẽ ra sao nhỉ?,False,1,daily_forecast,district,0.92,"{""intent"": ""daily_forecast"", ""scope"": ""district"", ""confidence"": 0.92}",daily_forecast,district,0.92,True,2118.0
Qwen3-4B-v7,"Tuần này Hà Nội thời tiết ra sao, có nhiều mưa không?",False,1,daily_forecast,city,0.85,"{""intent"": ""daily_forecast"", ""scope"": ""city"", ""confidence"": 0.85}",daily_forecast,city,0.85,True,2121.0
Qwen3-4B-v7,Điểm sương (dew point) ở quận Đống Đa bây giờ là bao nhiêu?,False,1,expert_weather_param,district,0.92,"{""intent"": ""expert_weather_param"", ""scope"": ""district"", ""confidence"": 0.92}",expert_weather_param,district,0.92,True,2146.9
Qwen3-4B-v7,"ok minh hieu roi, cam on ban nhieu!",False,1,smalltalk_weather,city,0.62,"{""intent"": ""smalltalk_weather"", ""scope"": ""city"", ""confidence"": 0.62}",smalltalk_weather,city,0.62,True,2117.8
Qwen3-4B-v7,Trời ở Mê Linh hôm nay có mát mẻ không nhỉ?,False,1,smalltalk_weather,district,0.62,"{""intent"": ""smalltalk_weather"", ""scope"": ""district"", ""confidence"": 0.62}",smalltalk_weather,district,0.62,True,2123.8
Qwen3-4B-v7,Phường Định Công có sương sáng nay không?,False,1,humidity_fog_query,ward,0.92,"{""intent"": ""humidity_fog_query"", ""scope"": ""ward"", ""confidence"": 0.92}",humidity_fog_query,ward,0.92,True,2205.4
Qwen3-4B-v7,Bao giờ qua?,True,2,weather_alert,ward,0.8,"{""intent"": ""weather_alert"", ""scope"": ""ward"", ""confidence"": 0.8, ""rewritten_query"": ""Bao giờ thì cảnh báo thời tiết ở phường Phú Diễn sẽ được解除?""}",weather_alert,ward,0.8,True,4245.7
Qwen3-4B-v7,"Có nên bơi lội ở Hoàng Mai, Hoàng Mai buổi tối không?",False,1,activity_weather,ward,0.74,"{""intent"": ""activity_weather"", ""scope"": ""ward"", ""confidence"": 0.74}",activity_weather,ward,0.74,True,2035.5
Qwen3-4B-v7,Sáng mai đi chạy bộ ở quận Tây Hồ được không?,False,1,activity_weather,district,0.92,"{""intent"": ""activity_weather"", ""scope"": ""district"", ""confidence"": 0.92}",activity_weather,district,0.92,True,2031.8
Qwen3-4B-v7,Ngày mai ở đó thế nào?,True,2,daily_forecast,ward,0.8,"{""intent"": ""daily_forecast"", ""scope"": ""ward"", ""confidence"": 0.8, ""rewritten_query"": ""Ngày mai ở phường Láng thời tiết thế nào?""}",daily_forecast,ward,0.8,True,3969.5
Qwen3-4B-v7,Đan Phượng ngày mai dự báo thế nào?,False,1,daily_forecast,ward,0.74,"{""intent"":""daily_forecast"",""scope"":""district"",""confidence"":0.85,""rewritten_query"":""Dự báo Huyện Đan Phượng ngày mai thế nào?""}",daily_forecast,district,0.85,False,3384.8
Qwen3-4B-v7,tuần sau có nắng không?,True,2,daily_forecast,ward,0.8,"{""intent"": ""daily_forecast"", ""scope"": ""ward"", ""confidence"": 0.8, ""rewritten_query"": ""Xã Tiến Thắng tuần sau có nắng không?""}",daily_forecast,ward,0.8,True,3777.7
Qwen3-4B-v7,Liệu gió ở Cầu Giấy bây giờ có mạnh không nhỉ?,False,1,wind_query,ward,0.74,"{""intent"": ""wind_query"", ""scope"": ""district"", ""confidence"": 0.74}",wind_query,district,0.74,False,2035.1
Qwen3-4B-v7,"Lúc này ở Thiên Lộc, Đông Anh trời ra sao?",False,1,current_weather,ward,0.74,"{""intent"": ""current_weather"", ""scope"": ""ward"", ""confidence"": 0.74}",current_weather,ward,0.74,True,2032.8
Qwen3-4B-v7,Ngoài trời gió thổi nhiều không bạn?,False,1,wind_query,city,0.85,"{""intent"": ""wind_query"", ""scope"": ""city"", ""confidence"": 0.85}",wind_query,city,0.85,True,2027.5
Qwen3-4B-v7,Chỉ số tia UV ở Ba Đình trưa nay khoảng mức nào?,False,1,expert_weather_param,district,0.74,"{""intent"": ""expert_weather_param"", ""scope"": ""district"", ""confidence"": 0.74}",expert_weather_param,district,0.74,True,2121.5
Qwen3-4B-v7,Bây giờ ở xã Đông Anh thì nhiệt độ đang ở mức nào?,False,1,temperature_query,ward,0.92,"{""intent"": ""temperature_query"", ""scope"": ""ward"", ""confidence"": 0.92}",temperature_query,ward,0.92,True,2031.9
Qwen3-4B-v7,tu gio den sang mai o gia lam co mua phun khong?,False,1,rain_query,district,0.74,"{""intent"": ""rain_query"", ""scope"": ""district"", ""confidence"": 0.74}",rain_query,district,0.74,True,2033.7
Qwen3-4B-v7,Xu hướng thời tiết phường Phú Diễn mấy ngày qua?,False,1,seasonal_context,ward,0.92,"{""intent"": ""seasonal_context"", ""scope"": ""ward"", ""confidence"": 0.92}",seasonal_context,ward,0.92,True,2121.0
Qwen3-4B-v7,Sáng mai ở Hà Đông có khả năng mưa không?,False,1,rain_query,district,0.74,"{""intent"": ""rain_query"", ""scope"": ""district"", ""confidence"": 0.74}",rain_query,district,0.74,True,2029.2
Qwen3-4B-v7,Dự báo ngày mai cho quận Mỹ Đức,False,1,daily_forecast,district,0.92,"{""intent"": ""daily_forecast"", ""scope"": ""district"", ""confidence"": 0.92}",daily_forecast,district,0.92,True,2114.9
Qwen3-4B-v7,"Hôm nay không khí mát quá, thích thật!",False,1,smalltalk_weather,city,0.62,"{""intent"": ""smalltalk_weather"", ""scope"": ""city"", ""confidence"": 0.62}",smalltalk_weather,city,0.62,True,2116.4
Qwen3-4B-v7,ở đó hôm qua có mưa không?,True,2,historical_weather,ward,0.8,"{""intent"": ""historical_weather"", ""scope"": ""ward"", ""confidence"": 0.8, ""rewritten_query"": ""Hôm qua Xã Yên Bài có mưa không?""}",historical_weather,ward,0.8,True,3872.1
Qwen3-4B-v7,"Ngọc Hồi, Thanh Trì hiện tại đang nóng bao nhiêu độ?",False,1,temperature_query,ward,0.74,"{""intent"": ""temperature_query"", ""scope"": ""ward"", ""confidence"": 0.74}",temperature_query,ward,0.74,True,2038.0
Qwen3-4B-v7,Ứng dụng này lấy dữ liệu thời tiết từ đâu vậy?,False,1,smalltalk_weather,city,0.62,"{""intent"": ""smalltalk_weather"", ""scope"": ""city"", ""confidence"": 0.62}",smalltalk_weather,city,0.62,True,2117.8
Qwen3-4B-v7,ngoai troi o hoan kiem gio nhiet do bao nhieu do?,False,1,temperature_query,district,0.74,"{""intent"": ""temperature_query"", ""scope"": ""district"", ""confidence"": 0.74}",temperature_query,district,0.74,True,2035.5
Qwen3-4B-v7,cuoi tuan nay co bao hay ap thap nhiet doi anh huong den ha noi khong?,False,1,weather_alert,city,0.85,"{""intent"": ""weather_alert"", ""scope"": ""city"", ""confidence"": 0.85}",weather_alert,city,0.85,True,2069.0
Qwen3-4B-v7,Phường Phú Lương ngay bây giờ tốc độ gió bao nhiêu?,False,1,wind_query,ward,0.92,"{""intent"": ""wind_query"", ""scope"": ""ward"", ""confidence"": 0.92}",wind_query,ward,0.92,True,2032.7
Qwen3-4B-v7,Bữa nay ở Văn Miếu có dự báo thời tiết nào không an toàn không?,False,1,weather_alert,district,0.85,"{""intent"": ""weather_alert"", ""scope"": ""district"", ""confidence"": 0.85}",weather_alert,district,0.85,True,2039.4
Qwen3-4B-v7,Quận nào ở Hà Nội đang mưa?,False,1,location_comparison,city,0.92,"{""intent"": ""location_comparison"", ""scope"": ""city"", ""confidence"": 0.92}",location_comparison,city,0.92,True,2028.9
Qwen3-4B-v7,Mưa ở Hà Nội hôm nay kéo dài đến bao giờ?,False,1,weather_alert,city,0.92,"{""intent"": ""weather_alert"", ""scope"": ""city"", ""confidence"": 0.92}",weather_alert,city,0.92,True,2031.6
Qwen3-4B-v7,Hai Bà Trưng nóng bao nhiêu độ?,False,1,temperature_query,ward,0.74,"{""intent"": ""temperature_query"", ""scope"": ""ward"", ""confidence"": 0.74, ""rewritten_query"": ""Phường Hai Bà Trưng hôm nay nhiệt độ bao nhiêu?""}",temperature_query,ward,0.74,True,4042.7
Qwen3-4B-v7,Quận Sơn Tây hôm nay có thông tin thời tiết theo giờ như thế nào?,False,1,hourly_forecast,district,0.92,"{""intent"": ""hourly_forecast"", ""scope"": ""district"", ""confidence"": 0.92}",hourly_forecast,district,0.92,True,2217.9
Qwen3-4B-v7,Hà Nội bữa nay có bị gió mạnh làm khó chịu không?,False,1,wind_query,city,0.85,"{""intent"": ""wind_query"", ""scope"": ""city"", ""confidence"": 0.85}",wind_query,city,0.85,True,2033.5
Qwen3-4B-v7,o phuong chuong my chieu nay thoi tiet bien doi the nao?,False,1,hourly_forecast,ward,0.85,"{""intent"": ""hourly_forecast"", ""scope"": ""ward"", ""confidence"": 0.85}",hourly_forecast,ward,0.85,True,2220.5
Qwen3-4B-v7,chieu nay ha noi nhiet do cao nhat la bao nhieu ta?,False,1,temperature_query,city,0.85,"{""intent"": ""temperature_query"", ""scope"": ""city"", ""confidence"": 0.85}",temperature_query,city,0.85,True,2036.7
Qwen3-4B-v7,Bữa nay có thích hợp để đi câu cá ở Sóc Sơn không nhỉ?,False,1,activity_weather,district,0.74,"{""intent"": ""activity_weather"", ""scope"": ""district"", ""confidence"": 0.74}",activity_weather,district,0.74,True,2034.6
Qwen3-4B-v7,Phường Chương Mỹ hôm nay nhiệt độ bao nhiêu?,False,1,temperature_query,ward,0.92,"{""intent"":""temperature_query"",""scope"":""ward"",""confidence"":0.92,""rewritten_query"":""Nhiệt độ Phường Chương Mỹ hôm nay bao nhiêu?""}",temperature_query,ward,0.92,True,3399.9
Qwen3-4B-v7,Hôm nay ở đó thế nào?,True,2,current_weather,district,0.8,"{""intent"": ""current_weather"", ""scope"": ""district"", ""confidence"": 0.8, ""rewritten_query"": ""Hôm nay ở Huyện Sóc Sơn thời tiết thế nào?""}",current_weather,district,0.8,True,4158.1
Qwen3-4B-v7,Tổng quan thời tiết Sóc Sơn chiều nay,False,1,weather_overview,district,0.74,"{""intent"": ""weather_overview"", ""scope"": ""district"", ""confidence"": 0.74}",weather_overview,district,0.74,True,2119.5
Qwen3-4B-v7,Thời tiết Hà Nội gần đây biến đổi ra sao?,False,1,seasonal_context,city,0.85,"{""intent"": ""seasonal_context"", ""scope"": ""city"", ""confidence"": 0.85}",seasonal_context,city,0.85,True,2118.0
Qwen3-4B-v7,Hướng gió tại Gia Lâm bây giờ đang thổi theo hướng nào?,False,1,wind_query,district,0.74,"{""intent"": ""wind_query"", ""scope"": ""district"", ""confidence"": 0.74}",wind_query,district,0.74,True,2033.8
Qwen3-4B-v7,Thời tiết Xã Bất Bạt sáng mai ra sao?,False,1,hourly_forecast,ward,0.92,"{""intent"": ""hourly_forecast"", ""scope"": ""ward"", ""confidence"": 0.92}",hourly_forecast,ward,0.92,True,2212.8
Qwen3-4B-v7,"Sáng nay 6-9h dự báo theo giờ ở phường Láng, Đống Đa?",False,1,hourly_forecast,ward,0.92,"{""intent"": ""hourly_forecast"", ""scope"": ""ward"", ""confidence"": 0.74}",hourly_forecast,ward,0.74,True,2245.4
Qwen3-4B-v7,Hoài Đức cuối tuần có mưa không?,False,1,rain_query,ward,0.74,"{""intent"": ""rain_query"", ""scope"": ""ward"", ""confidence"": 0.74, ""rewritten_query"": ""Xã Hoài Đức cuối tuần có mưa không?""}",rain_query,ward,0.74,True,3565.7
Qwen3-4B-v7,Tốt nhất đi bộ lúc mấy giờ?,True,2,activity_weather,ward,0.8,"{""intent"": ""activity_weather"", ""scope"": ""ward"", ""confidence"": 0.8, ""rewritten_query"": ""Tốt nhất nên đi bộ lúc mấy giờ ở phường Yên Hòa?""}",activity_weather,ward,0.8,True,4064.6
Qwen3-4B-v7,"Chiều ngày mai, xã Phù Đổng có thời tiết thế nào nhỉ?",False,1,daily_forecast,ward,0.92,"{""intent"": ""daily_forecast"", ""scope"": ""ward"", ""confidence"": 0.92}",daily_forecast,ward,0.92,True,2128.4
Qwen3-4B-v7,khu đó có cảnh báo gì không?,True,2,weather_alert,ward,0.8,"{""intent"": ""weather_alert"", ""scope"": ""ward"", ""confidence"": 0.8, ""rewritten_query"": ""Xã Vĩnh Thanh có cảnh báo thời tiết gì không?""}",weather_alert,ward,0.8,True,3876.9
Qwen3-4B-v7,"Trưa nay, thời tiết ở Kim Liên, Đống Đa được dự đoán ra sao theo từng giờ?",False,1,hourly_forecast,ward,0.74,"{""intent"": ""hourly_forecast"", ""scope"": ""ward"", ""confidence"": 0.74}",hourly_forecast,ward,0.74,True,2259.9
Qwen3-4B-v7,Hôm nay ở Phường Cầu Giấy có cần mặc ấm không?,False,1,smalltalk_weather,ward,0.92,"{""intent"": ""smalltalk_weather"", ""scope"": ""ward"", ""confidence"": 0.92}",smalltalk_weather,ward,0.92,True,2127.0
Qwen3-4B-v7,Hát Môn dạo này thời tiết có điểm gì đáng chú ý không?,False,1,seasonal_context,ward,0.85,"{""intent"": ""seasonal_context"", ""scope"": ""ward"", ""confidence"": 0.85}",seasonal_context,ward,0.85,True,2125.7
Qwen3-4B-v7,Thứ 7 này thời tiết ở xã Bình Minh như thế nào nhỉ?,False,1,daily_forecast,ward,0.92,"{""intent"": ""daily_forecast"", ""scope"": ""ward"", ""confidence"": 0.92}",daily_forecast,ward,0.92,True,2123.9
Qwen3-4B-v7,"Cho mình hỏi thời tiết ở Láng, Quận Đống Đa",False,1,current_weather,ward,0.92,"{""intent"": ""current_weather"", ""scope"": ""ward"", ""confidence"": 0.92}",current_weather,ward,0.92,True,2031.2
Qwen3-4B-v7,Thời tiết ở Quảng Ninh cuối tuần này thế nào?,False,1,smalltalk_weather,city,0.62,"{""intent"": ""smalltalk_weather"", ""scope"": ""city"", ""confidence"": 0.62}",smalltalk_weather,city,0.62,True,2118.2
Qwen3-4B-v7,có thả diều được không?,True,2,activity_weather,ward,0.8,"{""intent"": ""activity_weather"", ""scope"": ""ward"", ""confidence"": 0.8, ""rewritten_query"": ""Phường Bồ Đề hôm nay có thể thả diều không?""}",activity_weather,ward,0.8,True,4160.8
Qwen3-4B-v7,"Bạn có biết thời tiết ở Định Công, Hoàng Mai vào buổi tối ra sao không?",False,1,weather_overview,ward,0.74,"{""intent"": ""weather_overview"", ""scope"": ""ward"", ""confidence"": 0.74}",weather_overview,ward,0.74,True,2127.4
Qwen3-4B-v7,Thời tiết Hà Nội có gì đáng lo hôm nay?,False,1,weather_alert,city,0.92,"{""intent"": ""weather_alert"", ""scope"": ""city"", ""confidence"": 0.92}",weather_alert,city,0.92,True,2030.9
Qwen3-4B-v7,co thong tin gi ve nhiet do cam giac o xa hung dao khong ban?,False,1,expert_weather_param,ward,0.85,"{""intent"": ""expert_weather_param"", ""scope"": ""ward"", ""confidence"": 0.85}",expert_weather_param,ward,0.85,True,2129.7
Qwen3-4B-v7,"so voi hom qua thi dai xuyen, phu xuyen hom nay the nao?",False,1,seasonal_context,ward,0.74,"{""intent"": ""seasonal_context"", ""scope"": ""ward"", ""confidence"": 0.74}",seasonal_context,ward,0.74,True,2123.9
Qwen3-4B-v7,Phường Hồng Vân hôm nay nhìn chung thế nào?,False,1,weather_overview,ward,0.92,"{""intent"":""weather_overview"",""scope"":""ward"",""confidence"":0.92,""rewritten_query"":""Nhìn chung thời tiết Phường Hồng Vân hôm nay thế nào?""}",weather_overview,ward,0.92,True,3590.6
Qwen3-4B-v7,"3 tiếng nữa ở phường Ô Chợ Dừa, Đống Đa thời tiết thế nào?",False,1,hourly_forecast,ward,0.74,"{""intent"": ""hourly_forecast"", ""scope"": ""ward"", ""confidence"": 0.74}",hourly_forecast,ward,0.74,True,2225.9
Qwen3-4B-v7,Thời tiết Đà Lạt có lạnh lắm không?,False,1,smalltalk_weather,city,0.62,"{""intent"": ""smalltalk_weather"", ""scope"": ""city"", ""confidence"": 0.62}",smalltalk_weather,city,0.62,True,2115.5
Qwen3-4B-v7,Nhiệt độ ngày mai ở Cầu Giấy là bao nhiêu?,False,1,temperature_query,district,0.74,"{""intent"": ""temperature_query"", ""scope"": ""district"", ""confidence"": 0.74}",temperature_query,district,0.74,True,2032.4
Qwen3-4B-v7,Quận Tây Hồ dạo này có thấy thời tiết lạ lắm không nhỉ?,False,1,seasonal_context,district,0.92,"{""intent"": ""seasonal_context"", ""scope"": ""district"", ""confidence"": 0.92}",seasonal_context,district,0.92,True,2122.7
Qwen3-4B-v7,Ngày mai xếp hạng thế nào?,True,2,location_comparison,city,0.8,"{""intent"": ""location_comparison"", ""scope"": ""city"", ""confidence"": 0.8, ""rewritten_query"": ""Ngày mai quận nào ở Hà Nội mưa nhiều nhất?""}",location_comparison,city,0.8,True,3874.8
Qwen3-4B-v7,Phường Yên Hòa cụ thể thì sao?,True,3,weather_alert,ward,0.85,"{""intent"": ""weather_alert"", ""scope"": ""ward"", ""confidence"": 0.85, ""rewritten_query"": ""Phường Yên Hòa có cảnh báo thời tiết gì không?""}",weather_alert,ward,0.85,True,4087.1
Qwen3-4B-v7,"Tổng quan thời tiết ở Định Công, Hoàng Mai buổi tối",False,1,weather_overview,ward,0.74,"{""intent"": ""weather_overview"", ""scope"": ""ward"", ""confidence"": 0.74}",weather_overview,ward,0.74,True,2120.3
Qwen3-4B-v7,"Có mạnh không ta? Gió ở Nghĩa Đô, Cầu Giấy bây giờ sao rồi?",False,1,wind_query,ward,0.74,"{""intent"": ""wind_query"", ""scope"": ""ward"", ""confidence"": 0.74}",wind_query,ward,0.74,True,2057.0
Qwen3-4B-v7,So sánh thời tiết giữa Bắc Từ Liêm với Hoàn Kiếm,False,1,location_comparison,district,0.74,"{""intent"": ""location_comparison"", ""scope"": ""district"", ""confidence"": 0.74}",location_comparison,district,0.74,True,2032.7
Qwen3-4B-v7,Sáng nay ở quận Nam Từ Liêm có đổ mưa không ta?,False,1,rain_query,district,0.92,"{""intent"": ""rain_query"", ""scope"": ""district"", ""confidence"": 0.92}",rain_query,district,0.92,True,2037.4
Qwen3-4B-v7,Hà Đông bây giờ độ ẩm khoảng bao nhiêu phần trăm vậy?,False,1,humidity_fog_query,district,0.74,"{""intent"": ""humidity_fog_query"", ""scope"": ""ward"", ""confidence"": 0.74, ""rewritten_query"": ""Phường Hà Đông bây giờ độ ẩm khoảng bao nhiêu phần trăm?""}",humidity_fog_query,ward,0.74,False,4357.0
Qwen3-4B-v7,Tổng quan thời tiết Thanh Trì buổi tối,False,1,weather_overview,district,0.74,"{""intent"": ""weather_overview"", ""scope"": ""district"", ""confidence"": 0.74}",weather_overview,district,0.74,True,2117.8
Qwen3-4B-v7,Xã Đông Anh hôm nay gió mạnh không?,True,2,wind_query,ward,0.8,"{""intent"": ""wind_query"", ""scope"": ""ward"", ""confidence"": 0.8}",wind_query,ward,0.8,True,2075.5
Qwen3-4B-v7,Hà Nội buổi tối nóng bao nhiêu độ?,False,1,temperature_query,city,0.85,"{""intent"": ""temperature_query"", ""scope"": ""city"", ""confidence"": 0.85}",temperature_query,city,0.85,True,2030.4
Qwen3-4B-v7,Năm ngoái thời tiết ra sao?,True,2,historical_weather,city,0.8,"{""intent"": ""historical_weather"", ""scope"": ""city"", ""confidence"": 0.8, ""rewritten_query"": ""Năm ngoái thời tiết Hà Nội như thế nào?""}",historical_weather,city,0.8,True,3974.2
Qwen3-4B-v7,nhiet do o gia lam ngay bay gio bao nhieu?,False,1,temperature_query,district,0.74,"{""intent"": ""temperature_query"", ""scope"": ""district"", ""confidence"": 0.74}",temperature_query,district,0.74,True,2032.1
Qwen3-4B-v7,Cho mình biết dự báo theo giờ ở Mỹ Đức tối nay,False,1,hourly_forecast,district,0.74,"{""intent"": ""hourly_forecast"", ""scope"": ""district"", ""confidence"": 0.74}",hourly_forecast,district,0.74,True,2207.9
Qwen3-4B-v7,Năm ngoái thời tiết ra sao?,True,2,historical_weather,city,0.8,"{""intent"": ""historical_weather"", ""scope"": ""city"", ""confidence"": 0.8, ""rewritten_query"": ""Năm ngoái thời tiết Hà Nội như thế nào?""}",historical_weather,city,0.8,True,3970.4
Qwen3-4B-v7,Chiều nay ở phường Bình Minh có thấy sương mù không nhỉ?,False,1,humidity_fog_query,ward,0.92,"{""intent"": ""humidity_fog_query"", ""scope"": ""ward"", ""confidence"": 0.92}",humidity_fog_query,ward,0.92,True,2213.9
Qwen3-4B-v7,Có thông tin gì về dự báo thời tiết theo giờ cho Hà Nội hôm nay không?,False,1,hourly_forecast,city,0.92,"{""intent"": ""hourly_forecast"", ""scope"": ""city"", ""confidence"": 0.92}",hourly_forecast,city,0.92,True,2230.4
Qwen3-4B-v7,khu đó có ngập không?,True,2,weather_alert,ward,0.8,"{""intent"": ""weather_alert"", ""scope"": ""ward"", ""confidence"": 0.8, ""rewritten_query"": ""Xã Hưng Đạo có nguy cơ ngập lụt không?""}",weather_alert,ward,0.8,True,4157.0
Qwen3-4B-v7,Ngày mai còn cảnh báo không?,True,2,weather_alert,city,0.8,"{""intent"": ""weather_alert"", ""scope"": ""city"", ""confidence"": 0.8, ""rewritten_query"": ""Hà Nội ngày mai còn cảnh báo thời tiết không?""}",weather_alert,city,0.8,True,3874.8
Qwen3-4B-v7,Huyện Thạch Thất hôm qua thời tiết ra sao?,False,1,historical_weather,district,0.92,"{""intent"": ""historical_weather"", ""scope"": ""district"", ""confidence"": 0.92}",historical_weather,district,0.92,True,2121.6
Qwen3-4B-v7,Lúc này mưa không?,True,2,current_weather,district,0.8,"{""intent"": ""rain_query"", ""scope"": ""district"", ""confidence"": 0.8, ""rewritten_query"": ""Lúc này ở quận Bắc Từ Liêm có mưa không?""}",rain_query,district,0.8,False,3974.0
Qwen3-4B-v7,Đi ra ngoài có ổn không?,True,2,activity_weather,city,0.8,"{""intent"": ""activity_weather"", ""scope"": ""city"", ""confidence"": 0.8, ""rewritten_query"": ""Hôm nay ở Hà Nội có thể đi ra ngoài không?""}",activity_weather,city,0.8,True,4061.6
Qwen3-4B-v7,tuần cuối tháng thì sao?,True,2,historical_weather,ward,0.8,"{""intent"": ""historical_weather"", ""scope"": ""ward"", ""confidence"": 0.8, ""rewritten_query"": ""Phường Lĩnh Nam tuần cuối tháng này có mưa không?""}",historical_weather,ward,0.8,True,4070.7
Qwen3-4B-v7,Quận nào ẩm nhất?,True,2,location_comparison,city,0.8,"{""intent"": ""location_comparison"", ""scope"": ""district"", ""confidence"": 0.8, ""rewritten_query"": ""Hôm nay quận nào ở Hà Nội ẩm nhất?""}",location_comparison,district,0.8,False,3968.1
Qwen3-4B-v7,"Từ 15h đến 18h chiều nay ở phường Phương Liệt, Thanh Xuân có nắng không?",False,1,hourly_forecast,ward,0.74,"{""intent"": ""hourly_forecast"", ""scope"": ""ward"", ""confidence"": 0.74}",hourly_forecast,ward,0.74,True,2261.1
Qwen3-4B-v7,Ở đây ngày mai ra sao?,True,2,daily_forecast,city,0.8,"{""intent"": ""daily_forecast"", ""scope"": ""city"", ""confidence"": 0.8, ""rewritten_query"": ""Hà Nội ngày mai thời tiết thế nào?""}",daily_forecast,city,0.8,True,3778.2
Qwen3-4B-v7,Bữa nay ở Sóc Sơn có sương mù không hả?,False,1,humidity_fog_query,district,0.74,"{""intent"": ""humidity_fog_query"", ""scope"": ""district"", ""confidence"": 0.74}",humidity_fog_query,district,0.74,True,2211.1
Qwen3-4B-v7,có gió không?,True,2,wind_query,ward,0.8,"{""intent"": ""wind_query"", ""scope"": ""ward"", ""confidence"": 0.8, ""rewritten_query"": ""Xã Quốc Oai ngày kia có gió không?""}",wind_query,ward,0.8,True,3780.4
Qwen3-4B-v7,"Nhiệt độ ở Thanh Oai, Thanh Oai bây giờ bao nhiêu?",False,1,temperature_query,ward,0.74,"{""intent"": ""temperature_query"", ""scope"": ""ward"", ""confidence"": 0.74}",temperature_query,ward,0.74,True,2037.3
Qwen3-4B-v7,Xin chào bạn!,False,1,smalltalk_weather,city,0.62,"{""intent"": ""smalltalk_weather"", ""scope"": ""city"", ""confidence"": 0.62}",smalltalk_weather,city,0.62,True,2114.7
Qwen3-4B-v7,"Trưa nay có nên đi dạo một chút ở Vĩnh Thanh, Đông Anh không?",False,1,activity_weather,ward,0.74,"{""intent"": ""activity_weather"", ""scope"": ""ward"", ""confidence"": 0.74}",activity_weather,ward,0.74,True,2041.4
Qwen3-4B-v7,Hà Nội cuối tuần dự báo thế nào?,True,2,daily_forecast,city,0.8,"{""intent"": ""daily_forecast"", ""scope"": ""city"", ""confidence"": 0.8}",daily_forecast,city,0.8,True,2172.2
Qwen3-4B-v7,Mưa to không?,True,2,weather_alert,city,0.8,"{""intent"": ""weather_alert"", ""scope"": ""city"", ""confidence"": 0.8, ""rewritten_query"": ""Hà Nội tuần này có mưa to không?""}",weather_alert,city,0.8,True,3681.9
Qwen3-4B-v7,Mùa này Hà Nội thế nào?,False,1,seasonal_context,city,0.92,"{""intent"": ""seasonal_context"", ""scope"": ""city"", ""confidence"": 0.85}",seasonal_context,city,0.85,True,2114.7
Qwen3-4B-v7,diem suong (dew point) o quan dong da bay gio la bao nhieu?,False,1,expert_weather_param,district,0.85,"{""intent"": ""expert_weather_param"", ""scope"": ""district"", ""confidence"": 0.92}",expert_weather_param,district,0.92,True,2142.3
Qwen3-4B-v7,"Tối nay phường Nhật Tân, Tây Hồ có mưa rào hay giông không?",False,1,weather_alert,ward,0.74,"{""intent"": ""weather_alert"", ""scope"": ""ward"", ""confidence"": 0.74}",weather_alert,ward,0.74,True,2035.4
Qwen3-4B-v7,So với hôm qua thì hôm nay nóng hơn hay mát hơn?,False,1,seasonal_context,city,0.92,"{""intent"": ""seasonal_context"", ""scope"": ""city"", ""confidence"": 0.92}",seasonal_context,city,0.92,True,2118.7
Qwen3-4B-v7,ngày mai có thích hợp ra đồng không?,True,2,activity_weather,ward,0.8,"{""intent"": ""activity_weather"", ""scope"": ""ward"", ""confidence"": 0.8, ""rewritten_query"": ""Ngày mai Xã Trần Phú có thích hợp ra đồng làm việc không?""}",activity_weather,ward,0.8,True,4257.7
Qwen3-4B-v7,So với hôm qua thế nào?,True,2,seasonal_context,district,0.8,"{""intent"": ""seasonal_context"", ""scope"": ""district"", ""confidence"": 0.8, ""rewritten_query"": ""So với hôm qua, thời tiết Huyện Sóc Sơn hôm nay có gì khác không?""}",seasonal_context,district,0.8,True,4738.8
Qwen3-4B-v7,Trời Hà Nội hiện tại ra sao?,False,1,current_weather,city,0.92,"{""intent"": ""current_weather"", ""scope"": ""city"", ""confidence"": 0.92}",current_weather,city,0.92,True,2027.8
Qwen3-4B-v7,cac ban biet toc do gio o xa doai phuong luc nay khong?,False,1,wind_query,ward,0.85,"{""intent"": ""wind_query"", ""scope"": ""ward"", ""confidence"": 0.85}",wind_query,ward,0.85,True,2035.2
Qwen3-4B-v7,ở Lăng Chủ tịch hay Nội Bài mát hơn?,False,1,location_comparison,ward,0.62,"{""intent"": ""location_comparison"", ""scope"": ""ward"", ""confidence"": 0.62}",location_comparison,ward,0.62,True,2030.7
Qwen3-4B-v7,Thanh Xuân tuần này có nồm không?,False,1,humidity_fog_query,ward,0.74,"{""intent"": ""humidity_fog_query"", ""scope"": ""ward"", ""confidence"": 0.74, ""rewritten_query"": ""Phường Thanh Xuân tuần này có nồm ẩm không?""}",humidity_fog_query,ward,0.74,True,4235.4
Qwen3-4B-v7,"Sáng mai có mưa ở quận Đống Đa không, cần mang ô không?",False,1,rain_query,district,0.92,"{""intent"": ""rain_query"", ""scope"": ""district"", ""confidence"": 0.92}",rain_query,district,0.92,True,2033.8
Qwen3-4B-v7,"Chào buổi chiều, bạn giúp mình được không?",False,1,smalltalk_weather,city,0.62,"{""intent"": ""smalltalk_weather"", ""scope"": ""city"", ""confidence"": 0.62}",smalltalk_weather,city,0.62,True,2116.6
Qwen3-4B-v7,Khoảng 7 giờ sáng mai ở Hoàn Kiếm trời như thế nào?,False,1,hourly_forecast,district,0.74,"{""intent"": ""hourly_forecast"", ""scope"": ""district"", ""confidence"": 0.74}",hourly_forecast,district,0.74,True,2211.5
Qwen3-4B-v7,khu đó UV cao không?,True,2,expert_weather_param,ward,0.8,"{""intent"": ""expert_weather_param"", ""scope"": ""ward"", ""confidence"": 0.8, ""rewritten_query"": ""Xã Trung Giã UV hôm nay có cao không?""}",expert_weather_param,ward,0.8,True,4166.6
Qwen3-4B-v7,Phường Lĩnh Nam chiều nay có nguy hiểm gì không?,False,1,weather_alert,ward,0.92,"{""intent"": ""weather_alert"", ""scope"": ""ward"", ""confidence"": 0.92}",weather_alert,ward,0.92,True,2033.4
Qwen3-4B-v7,tầm nhìn xa thế nào?,True,2,expert_weather_param,ward,0.74,"{""intent"": ""expert_weather_param"", ""scope"": ""ward"", ""confidence"": 0.74, ""rewritten_query"": ""Phường Hoàn Kiếm tầm nhìn xa hiện tại thế nào?""}",expert_weather_param,ward,0.74,True,4250.4
Qwen3-4B-v7,Tầm nhìn xa ở sân bay Nội Bài hiện tại?,False,1,expert_weather_param,ward,0.62,"{""intent"": ""expert_weather_param"", ""scope"": ""ward"", ""confidence"": 0.62}",expert_weather_param,ward,0.62,True,2120.1
Qwen3-4B-v7,Thời tiết ở Phường Giảng Võ bữa nay có đẹp để đi picnic không?,False,1,activity_weather,ward,0.92,"{""intent"": ""activity_weather"", ""scope"": ""ward"", ""confidence"": 0.92}",activity_weather,ward,0.92,True,2041.4
Qwen3-4B-v7,Cảm ơn bạn nhiều nhé!,False,1,smalltalk_weather,city,0.62,"{""intent"": ""smalltalk_weather"", ""scope"": ""city"", ""confidence"": 0.62}",smalltalk_weather,city,0.62,True,2118.9
Qwen3-4B-v7,Tuần tới ở Hà Nội có nguy cơ mưa giông kèm lốc xoáy không?,False,1,weather_alert,city,0.85,"{""intent"": ""weather_alert"", ""scope"": ""city"", ""confidence"": 0.85}",weather_alert,city,0.85,True,2055.7
Qwen3-4B-v7,Giá vé xe buýt ở Hà Nội bao nhiêu?,False,1,smalltalk_weather,city,0.62,"{""intent"": ""smalltalk_weather"", ""scope"": ""city"", ""confidence"": 0.62}",smalltalk_weather,city,0.62,True,2126.1
Qwen3-4B-v7,tuần trước thì sao?,True,3,historical_weather,ward,0.8,"{""intent"": ""historical_weather"", ""scope"": ""ward"", ""confidence"": 0.8, ""rewritten_query"": ""Tuần trước Phường Cầu Giấy thời tiết thế nào?""}",historical_weather,ward,0.8,True,4184.4
Qwen3-4B-v7,Vậy bên Hải Phòng có mưa không?,True,2,smalltalk_weather,city,0.62,"{""intent"": ""smalltalk_weather"", ""scope"": ""city"", ""confidence"": 0.62}",smalltalk_weather,city,0.62,True,2271.4
Qwen3-4B-v7,Hôm qua ở Xã Yên Xuân trời ra sao?,False,1,historical_weather,ward,0.92,"{""intent"": ""historical_weather"", ""scope"": ""ward"", ""confidence"": 0.92}",historical_weather,ward,0.92,True,2124.5
Qwen3-4B-v7,"Mai chiều ở phường Định Công, trời có mưa không?",False,1,daily_forecast,ward,0.92,"{""intent"": ""rain_query"", ""scope"": ""ward"", ""confidence"": 0.92}",rain_query,ward,0.92,False,2032.5
Qwen3-4B-v7,Ngày mai UV thế nào?,True,2,expert_weather_param,city,0.8,"{""intent"": ""expert_weather_param"", ""scope"": ""city"", ""confidence"": 0.8, ""rewritten_query"": ""UV Hà Nội ngày mai thế nào?""}",expert_weather_param,city,0.8,True,3586.3
Qwen3-4B-v7,ở đó có mát mẻ không?,True,2,smalltalk_weather,ward,0.8,"{""intent"": ""smalltalk_weather"", ""scope"": ""ward"", ""confidence"": 0.8, ""rewritten_query"": ""Phường Hồng Hà hôm nay có mát mẻ không?""}",smalltalk_weather,ward,0.8,True,4073.7
Qwen3-4B-v7,Hôm kia Hà Nội trời ra sao?,False,1,historical_weather,city,0.85,"{""intent"": ""historical_weather"", ""scope"": ""city"", ""confidence"": 0.85}",historical_weather,city,0.85,True,2128.0
Qwen3-4B-v7,Thế còn bây giờ?,True,2,current_weather,city,0.8,"{""intent"": ""current_weather"", ""scope"": ""city"", ""confidence"": 0.8, ""rewritten_query"": ""Thời tiết Hà Nội bây giờ thế nào?""}",current_weather,city,0.8,True,3682.5
Qwen3-4B-v7,Hà Nội bữa mai thời tiết thế nào nhỉ?,False,1,daily_forecast,city,0.85,"{""intent"": ""daily_forecast"", ""scope"": ""city"", ""confidence"": 0.85}",daily_forecast,city,0.85,True,2118.4
Qwen3-4B-v7,Cách đây 5 ngày ở Đống Đa có mưa không?,False,1,historical_weather,district,0.74,"{""intent"": ""historical_weather"", ""scope"": ""district"", ""confidence"": 0.74}",historical_weather,district,0.74,True,2120.5
Qwen3-4B-v7,Quận Nam Từ Liêm tổng quan thế nào?,True,2,weather_overview,district,0.85,"{""intent"": ""weather_overview"", ""scope"": ""district"", ""confidence"": 0.85, ""rewritten_query"": ""Tổng quan thời tiết Quận Nam Từ Liêm hôm nay""}",weather_overview,district,0.85,True,4364.7
Qwen3-4B-v7,Huyện Thanh Trì có nguy cơ ngập không?,False,1,weather_alert,district,0.92,"{""intent"": ""weather_alert"", ""scope"": ""district"", ""confidence"": 0.92}",weather_alert,district,0.92,True,2032.6
Qwen3-4B-v7,Ngày mai có nên đi câu cá ở Sóc Sơn không?,False,1,activity_weather,district,0.74,"{""intent"": ""activity_weather"", ""scope"": ""district"", ""confidence"": 0.74}",activity_weather,district,0.74,True,2030.8
Qwen3-4B-v7,thoi tiet soc son may ngay qua co thay doi gi khong?,False,1,seasonal_context,district,0.74,"{""intent"": ""seasonal_context"", ""scope"": ""district"", ""confidence"": 0.74}",seasonal_context,district,0.74,True,2123.0
Qwen3-4B-v7,Phường Đống Đa có thích hợp dắt chó đi dạo tối nay không?,False,1,activity_weather,ward,0.92,"{""intent"": ""activity_weather"", ""scope"": ""ward"", ""confidence"": 0.92}",activity_weather,ward,0.92,True,2037.5
Qwen3-4B-v7,Phường Yên Phụ sáng sớm có sương muối không?,False,1,humidity_fog_query,ward,0.92,"{""intent"": ""humidity_fog_query"", ""scope"": ""ward"", ""confidence"": 0.92}",humidity_fog_query,ward,0.92,True,2209.3
Qwen3-4B-v7,Hà Nội sáng nay có mù không nhỉ?,False,1,humidity_fog_query,city,0.85,"{""intent"": ""humidity_fog_query"", ""scope"": ""city"", ""confidence"": 0.85}",humidity_fog_query,city,0.85,True,2208.6
Qwen3-4B-v7,"Hôm kia trời Hà Nội có nhiều gió không, gió thổi từ hướng nào?",False,1,historical_weather,city,0.85,"{""intent"": ""historical_weather"", ""scope"": ""city"", ""confidence"": 0.85}",historical_weather,city,0.85,True,2127.6
Qwen3-4B-v7,Thời tiết lúc này ở Thanh Xuân?,False,1,current_weather,district,0.74,"{""intent"": ""current_weather"", ""scope"": ""district"", ""confidence"": 0.74}",current_weather,district,0.74,True,2026.4
Qwen3-4B-v7,"Trưa nay có gì bất thường ở Minh Châu, Ba Vì không nhỉ?",False,1,weather_alert,ward,0.74,"{""intent"": ""seasonal_context"", ""scope"": ""ward"", ""confidence"": 0.74}",seasonal_context,ward,0.74,False,2122.9
Qwen3-4B-v7,"Thời tiết ở các quận Hà Nội bây giờ thế nào, quận nào đang lạnh nhất?",False,1,location_comparison,city,0.92,"{""intent"": ""location_comparison"", ""scope"": ""city"", ""confidence"": 0.92}",location_comparison,city,0.92,True,2040.4
Qwen3-4B-v7,Hà Nội hôm nay nên mặc gì?,False,1,smalltalk_weather,city,0.92,"{""intent"": ""smalltalk_weather"", ""scope"": ""city"", ""confidence"": 0.92}",smalltalk_weather,city,0.92,True,2115.7
Qwen3-4B-v7,Hướng gió Hà Nội ngay bây giờ thế nào?,False,1,wind_query,city,0.92,"{""intent"": ""wind_query"", ""scope"": ""city"", ""confidence"": 0.92}",wind_query,city,0.92,True,2030.9
Qwen3-4B-v7,Hà Nội chiều nay có mưa không?,False,1,rain_query,city,0.85,"{""intent"": ""rain_query"", ""scope"": ""city"", ""confidence"": 0.85}",rain_query,city,0.85,True,2029.4
Qwen3-4B-v7,3 ngày tới Hà Nội có nóng không?,False,1,daily_forecast,city,0.92,"{""intent"": ""daily_forecast"", ""scope"": ""city"", ""confidence"": 0.85}",daily_forecast,city,0.85,True,2117.3
Qwen3-4B-v7,toc do gio o quan thanh xuan bao nhieu?,False,1,wind_query,district,0.85,"{""intent"": ""wind_query"", ""scope"": ""district"", ""confidence"": 0.92}",wind_query,district,0.92,True,2033.6
Qwen3-4B-v7,"Trong 3 giờ tới, phường Xuân Đỉnh có khả năng xuất hiện giông bão không?",False,1,weather_alert,ward,0.92,"{""intent"": ""weather_alert"", ""scope"": ""ward"", ""confidence"": 0.92}",weather_alert,ward,0.92,True,2049.8
Qwen3-4B-v7,Hôm nay Hà Nội có chỉ số UV cao không?,True,2,expert_weather_param,city,0.8,"{""intent"": ""expert_weather_param"", ""scope"": ""city"", ""confidence"": 0.8, ""rewritten_query"": ""UV Hà Nội hôm nay có cao không?""}",expert_weather_param,city,0.8,True,3882.4
Qwen3-4B-v7,"Chào bạn, hôm nay thời tiết Hà Nội thế nào?",False,1,current_weather,city,0.92,"{""intent"": ""smalltalk_weather"", ""scope"": ""city"", ""confidence"": 0.62}",smalltalk_weather,city,0.62,False,2122.5
Qwen3-4B-v7,Gió ở quận Thanh Trì hiện tại ra sao?,False,1,wind_query,district,0.92,"{""intent"": ""wind_query"", ""scope"": ""district"", ""confidence"": 0.92}",wind_query,district,0.92,True,2030.9
Qwen3-4B-v7,Hôm nay ở Tây Hồ và Hoàng Mai nơi nào ẩm hơn?,False,1,location_comparison,district,0.74,"{""intent"": ""location_comparison"", ""scope"": ""district"", ""confidence"": 0.74}",location_comparison,district,0.74,True,2036.4
Qwen3-4B-v7,"du bao thoi tiet phu dong, gia lam 3 gio nua",False,1,daily_forecast,ward,0.74,"{""intent"": ""daily_forecast"", ""scope"": ""ward"", ""confidence"": 0.74}",daily_forecast,ward,0.74,True,2123.2
Qwen3-4B-v7,Bạn có thể cho tôi biết mấy giờ rồi không?,True,2,smalltalk_weather,city,0.62,"{""intent"": ""smalltalk_weather"", ""scope"": ""city"", ""confidence"": 0.62}",smalltalk_weather,city,0.62,True,2265.0
Qwen3-4B-v7,"Nhiệt độ ở Đông Anh, Đông Anh hiện tại bao nhiêu?",False,1,temperature_query,ward,0.74,"{""intent"": ""temperature_query"", ""scope"": ""ward"", ""confidence"": 0.74}",temperature_query,ward,0.74,True,2035.6
Qwen3-4B-v7,Hà Nội thời tiết đẹp nhỉ bạn?,False,1,smalltalk_weather,city,0.62,"{""intent"": ""smalltalk_weather"", ""scope"": ""city"", ""confidence"": 0.62}",smalltalk_weather,city,0.62,True,2118.7
Qwen3-4B-v7,ở đó có sương sáng?,True,2,humidity_fog_query,ward,0.8,"{""intent"": ""humidity_fog_query"", ""scope"": ""ward"", ""confidence"": 0.8, ""rewritten_query"": ""Xã Phúc Lộc có sương sáng không?""}",humidity_fog_query,ward,0.8,True,3975.1
Qwen3-4B-v7,Sáng ngày mai quận Đống Đa thế nào?,True,2,hourly_forecast,district,0.8,"{""intent"": ""daily_forecast"", ""scope"": ""district"", ""confidence"": 0.8}",daily_forecast,district,0.8,False,2170.0
Qwen3-4B-v7,Chỗ đó tối nay có mưa không?,True,2,hourly_forecast,ward,0.8,"{""intent"": ""rain_query"", ""scope"": ""ward"", ""confidence"": 0.8, ""rewritten_query"": ""Tối nay Phường Hoàn Kiếm có mưa không?""}",rain_query,ward,0.8,False,4067.4
Qwen3-4B-v7,Huyện Mỹ Đức tuần này có cảnh báo lũ không?,False,1,weather_alert,district,0.92,"{""intent"": ""weather_alert"", ""scope"": ""district"", ""confidence"": 0.92}",weather_alert,district,0.92,True,2031.7
Qwen3-4B-v7,Ở Văn Miếu hôm nay mặc gì cho phù hợp?,False,1,smalltalk_weather,district,0.85,"{""intent"": ""smalltalk_weather"", ""scope"": ""district"", ""confidence"": 0.85}",smalltalk_weather,district,0.85,True,2122.2
Qwen3-4B-v7,Ba Đình so với hôm qua thế nào?,False,1,seasonal_context,ward,0.74,"{""intent"": ""seasonal_context"", ""scope"": ""ward"", ""confidence"": 0.74, ""rewritten_query"": ""Phường Ba Đình hôm nay so với hôm qua thế nào?""}",seasonal_context,ward,0.74,True,4031.8
Qwen3-4B-v7,phường Ngọc Hà cuối tuần trời thế nào?,False,1,daily_forecast,ward,0.92,"{""intent"": ""daily_forecast"", ""scope"": ""ward"", ""confidence"": 0.92}",daily_forecast,ward,0.92,True,2114.3
Qwen3-4B-v7,Có phù hợp chạy bộ sáng mai không?,True,2,activity_weather,ward,0.8,"{""intent"": ""activity_weather"", ""scope"": ""ward"", ""confidence"": 0.8, ""rewritten_query"": ""Sáng mai ở phường Láng có phù hợp chạy bộ không?""}",activity_weather,ward,0.8,True,4070.1
Qwen3-4B-v7,Xã Mê Linh cụ thể có gió không?,True,2,wind_query,ward,0.85,"{""intent"": ""wind_query"", ""scope"": ""ward"", ""confidence"": 0.85, ""rewritten_query"": ""Xã Mê Linh cụ thể có gió không?""}",wind_query,ward,0.85,True,3886.4
Qwen3-4B-v7,"Nhiệt độ ở Thường Tín, Thường Tín hiện tại bao nhiêu?",False,1,temperature_query,ward,0.74,"{""intent"": ""temperature_query"", ""scope"": ""ward"", ""confidence"": 0.74}",temperature_query,ward,0.74,True,2035.1
Qwen3-4B-v7,Trời ở Nam Từ Liêm hôm nay đẹp không?,False,1,smalltalk_weather,district,0.62,"{""intent"": ""smalltalk_weather"", ""scope"": ""district"", ""confidence"": 0.62}",smalltalk_weather,district,0.62,True,2119.2
Qwen3-4B-v7,o do co nang khong?,True,2,current_weather,ward,0.8,"{""intent"": ""temperature_query"", ""scope"": ""ward"", ""confidence"": 0.8, ""rewritten_query"": ""Nhiệt độ ở phường Xuân Phương có thay đổi không?""}",temperature_query,ward,0.8,False,4067.3
Qwen3-4B-v7,Cần chuẩn bị gì?,True,2,weather_alert,city,0.8,"{""intent"": ""smalltalk_weather"", ""scope"": ""city"", ""confidence"": 0.8, ""rewritten_query"": ""Hôm nay đi làm ở Hà Nội cần chuẩn bị gì không?""}",smalltalk_weather,city,0.8,False,4258.0
Qwen3-4B-v7,Hôm qua ở Thanh Xuân có mưa to không?,False,1,historical_weather,district,0.74,"{""intent"": ""historical_weather"", ""scope"": ""district"", ""confidence"": 0.74}",historical_weather,district,0.74,True,2118.2
Qwen3-4B-v7,Hà Đông bây giờ độ ẩm khoảng bao nhiêu phần trăm vậy?,False,1,humidity_fog_query,district,0.74,"{""intent"": ""humidity_fog_query"", ""scope"": ""ward"", ""confidence"": 0.74, ""rewritten_query"": ""Phường Hà Đông bây giờ độ ẩm khoảng bao nhiêu phần trăm?""}",humidity_fog_query,ward,0.74,False,4358.0
Qwen3-4B-v7,Cho mình biết thời tiết hiện tại ở khu vực Nam Từ Liêm với.,False,1,current_weather,district,0.85,"{""intent"": ""current_weather"", ""scope"": ""district"", ""confidence"": 0.85}",current_weather,district,0.85,True,2038.2
Qwen3-4B-v7,"Hôm nay nhiệt độ ở Mê Linh, Mê Linh ra sao vậy?",False,1,temperature_query,ward,0.74,"{""intent"": ""temperature_query"", ""scope"": ""ward"", ""confidence"": 0.74}",temperature_query,ward,0.74,True,2046.1
Qwen3-4B-v7,Đêm nay ở Đông Anh nhiệt độ thấp nhất khoảng bao nhiêu độ?,False,1,temperature_query,district,0.74,"{""intent"": ""temperature_query"", ""scope"": ""district"", ""confidence"": 0.74}",temperature_query,district,0.74,True,2034.6
Qwen3-4B-v7,Có nên leo núi ở Phúc Thọ tối nay không?,False,1,activity_weather,district,0.74,"{""intent"": ""activity_weather"", ""scope"": ""ward"", ""confidence"": 0.74}",activity_weather,ward,0.74,False,2031.7
Qwen3-4B-v7,cho hoi ngoai troi dang the nao?,False,1,current_weather,city,0.85,"{""intent"": ""current_weather"", ""scope"": ""city"", ""confidence"": 0.85}",current_weather,city,0.85,True,2028.4
Qwen3-4B-v7,Trời bây giờ có lạnh ở Hà Nội không?,False,1,current_weather,city,0.92,"{""intent"": ""temperature_query"", ""scope"": ""city"", ""confidence"": 0.92}",temperature_query,city,0.92,False,2028.7
Qwen3-4B-v7,Dự báo thời tiết Hà Nội theo giờ tối nay,False,1,hourly_forecast,city,0.85,"{""intent"": ""hourly_forecast"", ""scope"": ""city"", ""confidence"": 0.85}",hourly_forecast,city,0.85,True,2211.8
Qwen3-4B-v7,Tuần trước nhiệt độ trung bình ở Hà Nội là bao nhiêu?,False,1,historical_weather,city,0.85,"{""intent"": ""historical_weather"", ""scope"": ""city"", ""confidence"": 0.85}",historical_weather,city,0.85,True,2123.8
Qwen3-4B-v7,bữa nay ở Lăng Bác thì nên chọn đồ như thế nào cho hợp lý?,False,1,smalltalk_weather,ward,0.62,"{""intent"": ""smalltalk_weather"", ""scope"": ""ward"", ""confidence"": 0.62}",smalltalk_weather,ward,0.62,True,2130.7
Qwen3-4B-v7,Phường Nghĩa Đô buổi tối nhiệt độ bao nhiêu?,False,1,temperature_query,ward,0.92,"{""intent"": ""temperature_query"", ""scope"": ""ward"", ""confidence"": 0.92}",temperature_query,ward,0.92,True,2032.5
Qwen3-4B-v7,"toi nay phuong nhat tan, tay ho co mua rao hay giong khong?",False,1,weather_alert,ward,0.74,"{""intent"": ""weather_alert"", ""scope"": ""ward"", ""confidence"": 0.74}",weather_alert,ward,0.74,True,2058.6
Qwen3-4B-v7,Có cảnh báo gì đặc biệt ở Sơn Tây hôm nay không?,False,1,weather_alert,district,0.74,"{""intent"": ""weather_alert"", ""scope"": ""district"", ""confidence"": 0.74}",weather_alert,district,0.74,True,2032.7
Qwen3-4B-v7,Tóm tắt tình hình thời tiết ở Sóc Sơn trong 5 ngày tới.,False,1,weather_overview,district,0.74,"{""intent"": ""weather_overview"", ""scope"": ""district"", ""confidence"": 0.74}",weather_overview,district,0.74,True,2124.6
Qwen3-4B-v7,Ngày mai Phường Tây Hồ với Phường Phú Thượng đâu có mưa?,False,1,location_comparison,ward,0.92,"{""intent"": ""location_comparison"", ""scope"": ""ward"", ""confidence"": 0.92}",location_comparison,ward,0.92,True,2035.6
Qwen3-4B-v7,Bây giờ độ ẩm ở Cầu Giấy khoảng bao nhiêu phần trăm?,False,1,humidity_fog_query,district,0.74,"{""intent"": ""humidity_fog_query"", ""scope"": ""district"", ""confidence"": 0.74}",humidity_fog_query,district,0.74,True,2212.7
Qwen3-4B-v7,Gió ở Sơn Đồng hiện tại mạnh không?,False,1,wind_query,ward,0.85,"{""intent"": ""wind_query"", ""scope"": ""ward"", ""confidence"": 0.85}",wind_query,ward,0.85,True,2026.3
Qwen3-4B-v7,Hôm nay có thể đi leo núi ở Hà Nội được không vậy?,False,1,activity_weather,city,0.92,"{""intent"": ""activity_weather"", ""scope"": ""city"", ""confidence"": 0.92}",activity_weather,city,0.92,True,2032.5
Qwen3-4B-v7,Mưa to ghê!,False,1,weather_alert,city,0.85,"{""intent"": ""weather_alert"", ""scope"": ""city"", ""confidence"": 0.85}",weather_alert,city,0.85,True,2027.4
Qwen3-4B-v7,ngày mai gió thế nào?,True,2,wind_query,ward,0.8,"{""intent"": ""wind_query"", ""scope"": ""ward"", ""confidence"": 0.8, ""rewritten_query"": ""Xã Phượng Dực ngày mai gió thế nào?""}",wind_query,ward,0.8,True,3783.0
Qwen3-4B-v7,Hôm nay thời tiết ở Mê Linh thế nào nhỉ?,False,1,smalltalk_weather,district,0.62,"{""intent"": ""weather_overview"", ""scope"": ""district"", ""confidence"": 0.74}",weather_overview,district,0.74,False,2123.6
Qwen3-4B-v7,Chỗ đó thì thế nào?,True,2,location_comparison,district,0.8,"{""intent"": ""location_comparison"", ""scope"": ""district"", ""confidence"": 0.8, ""rewritten_query"": ""Thời tiết ở Huyện Sóc Sơn và Huyện Đông Anh hiện tại thế nào?""}",location_comparison,district,0.8,True,4641.8
Qwen3-4B-v7,Khu đó hôm nay nhìn chung thế nào?,True,2,weather_overview,ward,0.8,"{""intent"": ""weather_overview"", ""scope"": ""ward"", ""confidence"": 0.8, ""rewritten_query"": ""Nhìn chung thời tiết Phường Hà Đông hôm nay thế nào?""}",weather_overview,ward,0.8,True,4356.8
Qwen3-4B-v7,Huyện Sóc Sơn cuối tuần này thế nào?,False,1,daily_forecast,district,0.92,"{""intent"":""daily_forecast"",""scope"":""district"",""confidence"":0.92,""rewritten_query"":""Dự báo Huyện Sóc Sơn cuối tuần này thế nào?""}",daily_forecast,district,0.92,True,3393.5
Qwen3-4B-v7,Khoảng 7 giờ sáng mai ở Hoàn Kiếm trời như thế nào?,False,1,hourly_forecast,district,0.74,"{""intent"": ""hourly_forecast"", ""scope"": ""district"", ""confidence"": 0.74}",hourly_forecast,district,0.74,True,2210.9
Qwen3-4B-v7,Đại Mỗ hôm nay có mưa không?,False,1,rain_query,ward,0.85,"{""intent"": ""rain_query"", ""scope"": ""ward"", ""confidence"": 0.85}",rain_query,ward,0.85,True,2030.8
Qwen3-4B-v7,Dự báo ngày mai?,False,1,weather_overview,city,0.85,"{""intent"": ""daily_forecast"", ""scope"": ""city"", ""confidence"": 0.85}",daily_forecast,city,0.85,False,2114.7
Qwen3-4B-v7,toc do gio o quan thanh xuan bao nhieu?,False,1,wind_query,district,0.85,"{""intent"": ""wind_query"", ""scope"": ""district"", ""confidence"": 0.92}",wind_query,district,0.92,True,2031.6
Qwen3-4B-v7,Mấy ngày nay nhiệt độ tăng hay giảm?,False,1,seasonal_context,city,0.85,"{""intent"": ""seasonal_context"", ""scope"": ""city"", ""confidence"": 0.85}",seasonal_context,city,0.85,True,2118.5
Qwen3-4B-v7,Cho mình xem dự báo theo giờ Hà Nội trưa nay,False,1,hourly_forecast,city,0.85,"{""intent"": ""hourly_forecast"", ""scope"": ""city"", ""confidence"": 0.85}",hourly_forecast,city,0.85,True,2211.8
Qwen3-4B-v7,Ngày mai mặc gì?,True,2,smalltalk_weather,city,0.8,"{""intent"": ""smalltalk_weather"", ""scope"": ""city"", ""confidence"": 0.8, ""rewritten_query"": ""Hôm mai ở Hà Nội nên mặc gì?""}",smalltalk_weather,city,0.8,True,3779.9
Qwen3-4B-v7,Có mấy độ ẩm ở đây?,True,2,humidity_fog_query,district,0.8,"{""intent"": ""humidity_fog_query"", ""scope"": ""district"", ""confidence"": 0.8, ""rewritten_query"": ""Có bao nhiêu độ ẩm ở quận Nam Từ Liêm hôm nay?""}",humidity_fog_query,district,0.8,True,4650.7
Qwen3-4B-v7,Hà Nội hôm nay có thấy sương mù xuất hiện không?,False,1,humidity_fog_query,city,0.92,"{""intent"": ""humidity_fog_query"", ""scope"": ""city"", ""confidence"": 0.92}",humidity_fog_query,city,0.92,True,2211.6
Qwen3-4B-v7,Dự báo thời tiết Xã Vật Lại ngày mai?,False,1,daily_forecast,ward,0.92,"{""intent"": ""daily_forecast"", ""scope"": ""ward"", ""confidence"": 0.92}",daily_forecast,ward,0.92,True,2122.0
Qwen3-4B-v7,khu đó dự báo ngày mai thế nào?,True,2,daily_forecast,ward,0.8,"{""intent"": ""daily_forecast"", ""scope"": ""ward"", ""confidence"": 0.8, ""rewritten_query"": ""Phường Hà Đông ngày mai dự báo thế nào?""}",daily_forecast,ward,0.8,True,3879.4
Qwen3-4B-v7,"Lúc này tại Thiên Lộc, Đông Anh thời tiết thế nào nhỉ?",False,1,current_weather,ward,0.74,"{""intent"": ""current_weather"", ""scope"": ""ward"", ""confidence"": 0.74}",current_weather,ward,0.74,True,2035.0
Qwen3-4B-v7,Phường Yên Hòa tháng này có gì bất thường?,True,2,seasonal_context,ward,0.8,"{""intent"": ""seasonal_context"", ""scope"": ""ward"", ""confidence"": 0.8}",seasonal_context,ward,0.8,True,2171.4
Qwen3-4B-v7,Yên Sở tổng quan thời tiết hôm nay?,False,1,weather_overview,ward,0.85,"{""intent"": ""weather_overview"", ""scope"": ""ward"", ""confidence"": 0.85}",weather_overview,ward,0.85,True,2118.5
Qwen3-4B-v7,Ngày mai ở Đan Phượng có thuận lợi để làm nông ngoài trời không?,False,1,activity_weather,district,0.74,"{""intent"": ""activity_weather"", ""scope"": ""district"", ""confidence"": 0.74}",activity_weather,district,0.74,True,2037.6
Qwen3-4B-v7,Bạn có thể dự báo thời tiết Sapa không?,False,1,smalltalk_weather,city,0.62,"{""intent"": ""smalltalk_weather"", ""scope"": ""city"", ""confidence"": 0.62}",smalltalk_weather,city,0.62,True,2119.8
Qwen3-4B-v7,Có cảnh báo mưa lớn ở Hà Nội tối nay không?,False,1,weather_alert,city,0.85,"{""intent"": ""weather_alert"", ""scope"": ""city"", ""confidence"": 0.85}",weather_alert,city,0.85,True,2030.3
Qwen3-4B-v7,Thời tiết Xã Chuyên Mỹ sáng nay có ổn để đạp xe không?,False,1,activity_weather,ward,0.92,"{""intent"": ""activity_weather"", ""scope"": ""ward"", ""confidence"": 0.92}",activity_weather,ward,0.92,True,2035.7
Qwen3-4B-v7,anh huong den khu nao?,True,2,weather_alert,city,0.8,"{""intent"": ""weather_alert"", ""scope"": ""city"", ""confidence"": 0.8, ""rewritten_query"": ""Cảnh báo thời tiết hôm nay ảnh hưởng đến khu vực nào ở Hà Nội?""}",weather_alert,city,0.8,True,4442.7
Qwen3-4B-v7,So sánh thời tiết hôm nay giữa Đống Đa và Hai Bà Trưng?,False,1,location_comparison,district,0.74,"{""intent"": ""location_comparison"", ""scope"": ""district"", ""confidence"": 0.74}",location_comparison,district,0.74,True,2038.7
Qwen3-4B-v7,Giờ này trời ở Nam Từ Liêm có đẹp không nhỉ?,False,1,current_weather,district,0.85,"{""intent"": ""smalltalk_weather"", ""scope"": ""district"", ""confidence"": 0.62}",smalltalk_weather,district,0.62,False,2123.3
Qwen3-4B-v7,Trời hôm nay ở Hà Nội có gió lùa mạnh không ta?,False,1,wind_query,city,0.92,"{""intent"": ""wind_query"", ""scope"": ""city"", ""confidence"": 0.85}",wind_query,city,0.85,True,2033.9
Qwen3-4B-v7,Nơi đó ngày mai dự báo sao?,True,2,daily_forecast,district,0.8,"{""intent"": ""daily_forecast"", ""scope"": ""district"", ""confidence"": 0.8, ""rewritten_query"": ""Huyện Gia Lâm ngày mai dự báo thế nào?""}",daily_forecast,district,0.8,True,3969.5
Qwen3-4B-v7,Thời tiết ở Hoài Đức hôm nay có cần mang theo dù không?,False,1,smalltalk_weather,district,0.62,"{""intent"": ""rain_query"", ""scope"": ""district"", ""confidence"": 0.74}",rain_query,district,0.74,False,2034.4
Qwen3-4B-v7,Cho mình biết áp suất ở Xã Gia Lâm,False,1,expert_weather_param,ward,0.92,"{""intent"": ""expert_weather_param"", ""scope"": ""ward"", ""confidence"": 0.92}",expert_weather_param,ward,0.92,True,2121.5
Qwen3-4B-v7,Phường Yên Nghĩa hôm nay có mưa không?,False,1,rain_query,ward,0.92,"{""intent"":""rain_query"",""scope"":""ward"",""confidence"":0.92,""rewritten_query"":""Phường Yên Nghĩa hôm nay có mưa không?""}",rain_query,ward,0.92,True,3214.5
Qwen3-4B-v7,Phường Thanh Xuân nóng hơn hay mát hơn xung quanh?,False,1,location_comparison,ward,0.92,"{""intent"": ""location_comparison"", ""scope"": ""ward"", ""confidence"": 0.92}",location_comparison,ward,0.92,True,2031.3
Qwen3-4B-v7,"Tối nay ở phường Khương Trung, Thanh Xuân nhiệt độ khoảng bao nhiêu độ?",False,1,hourly_forecast,ward,0.74,"{""intent"": ""temperature_query"", ""scope"": ""ward"", ""confidence"": 0.74}",temperature_query,ward,0.74,False,2047.4
Qwen3-4B-v7,Bên Hoài Đức giờ này thì trời có mây không?,False,1,current_weather,district,0.74,"{""intent"": ""current_weather"", ""scope"": ""district"", ""confidence"": 0.74}",current_weather,district,0.74,True,2030.2
Qwen3-4B-v7,Trời ở Mê Linh hôm nay có mát mẻ không nhỉ?,False,1,smalltalk_weather,district,0.62,"{""intent"": ""smalltalk_weather"", ""scope"": ""district"", ""confidence"": 0.62}",smalltalk_weather,district,0.62,True,2125.9
Qwen3-4B-v7,thoi tiet may hom nay hay thay doi qua ban nhi?,False,1,seasonal_context,city,0.85,"{""intent"": ""seasonal_context"", ""scope"": ""city"", ""confidence"": 0.85}",seasonal_context,city,0.85,True,2123.3
Qwen3-4B-v7,Tổng quan thời tiết Thanh Oai buổi tối,False,1,weather_overview,district,0.74,"{""intent"": ""weather_overview"", ""scope"": ""district"", ""confidence"": 0.74}",weather_overview,district,0.74,True,2117.3
Qwen3-4B-v7,"So với hôm qua thì Mê Linh, Mê Linh hôm nay thế nào?",False,1,seasonal_context,ward,0.74,"{""intent"": ""seasonal_context"", ""scope"": ""ward"", ""confidence"": 0.74}",seasonal_context,ward,0.74,True,2130.2
Qwen3-4B-v7,Trời mưa hay nắng ở Xã Tam Hiệp hôm qua?,False,1,historical_weather,ward,0.92,"{""intent"": ""historical_weather"", ""scope"": ""ward"", ""confidence"": 0.92}",historical_weather,ward,0.92,True,2118.7
Qwen3-4B-v7,Bệnh viện Bạch Mai hiện tại có nhiệt độ cảm nhận là bao nhiêu?,False,1,expert_weather_param,ward,0.62,"{""intent"": ""expert_weather_param"", ""scope"": ""ward"", ""confidence"": 0.62}",expert_weather_param,ward,0.62,True,2124.6
Qwen3-4B-v7,"co nen di bo buoi sang o yen nghia, ha dong hom nay khong?",False,1,activity_weather,ward,0.74,"{""intent"": ""activity_weather"", ""scope"": ""ward"", ""confidence"": 0.74}",activity_weather,ward,0.74,True,2039.5
Qwen3-4B-v7,Thị xã Sơn Tây tuần sau dự báo thế nào?,False,1,daily_forecast,district,0.92,"{""intent"":""daily_forecast"",""scope"":""ward"",""confidence"":0.92,""rewritten_query"":""Dự báo Thị xã Sơn Tây tuần sau thế nào?""}",daily_forecast,ward,0.92,False,3211.0
Qwen3-4B-v7,Ở phường Phú Lương hôm nay dễ chịu ghê!,False,1,smalltalk_weather,ward,0.62,"{""intent"": ""smalltalk_weather"", ""scope"": ""ward"", ""confidence"": 0.92}",smalltalk_weather,ward,0.92,True,2117.8
Qwen3-4B-v7,Hiện tại áp suất khí quyển tại Hà Nội là bao nhiêu ta?,False,1,expert_weather_param,city,0.92,"{""intent"": ""expert_weather_param"", ""scope"": ""city"", ""confidence"": 0.92}",expert_weather_param,city,0.92,True,2123.1
Qwen3-4B-v7,buổi tối thì sao?,True,3,hourly_forecast,ward,0.8,"{""intent"": ""hourly_forecast"", ""scope"": ""ward"", ""confidence"": 0.8, ""rewritten_query"": ""Phường Đại Mỗ ngày mai buổi tối thế nào?""}",hourly_forecast,ward,0.8,True,4177.9
Qwen3-4B-v7,hôm nay có gì thú vị ngoài trời không?,True,2,activity_weather,ward,0.8,"{""intent"": ""activity_weather"", ""scope"": ""ward"", ""confidence"": 0.8, ""rewritten_query"": ""Hôm nay ở Phường Hoàng Mai có hoạt động ngoài trời nào thú vị không?""}",activity_weather,ward,0.8,True,4551.2
Qwen3-4B-v7,ngày mai có mưa không?,True,2,rain_query,ward,0.8,"{""intent"": ""rain_query"", ""scope"": ""ward"", ""confidence"": 0.8, ""rewritten_query"": ""Phường Phú Lương ngày mai có mưa không?""}",rain_query,ward,0.8,True,3779.2
Qwen3-4B-v7,"Trời ở Cổ Đô, Ba Vì có đang mưa không?",False,1,rain_query,ward,0.74,"{""intent"": ""rain_query"", ""scope"": ""ward"", ""confidence"": 0.74}",rain_query,ward,0.74,True,2035.3
Qwen3-4B-v7,Gió ở quận Long Biên hiện tại mạnh không?,False,1,current_weather,district,0.92,"{""intent"": ""wind_query"", ""scope"": ""district"", ""confidence"": 0.92}",wind_query,district,0.92,False,2029.5
Qwen3-4B-v7,Từ 2 giờ đến 5 giờ chiều nay ở Hoàn Kiếm trời có nắng không?,False,1,hourly_forecast,district,0.74,"{""intent"": ""hourly_forecast"", ""scope"": ""district"", ""confidence"": 0.74}",hourly_forecast,district,0.74,True,2236.1
Qwen3-4B-v7,Thời điểm nào hôm nay phù hợp để khám phá Hà Nội ta?,False,1,activity_weather,city,0.92,"{""intent"": ""activity_weather"", ""scope"": ""city"", ""confidence"": 0.92}",activity_weather,city,0.92,True,2035.2
Qwen3-4B-v7,Dự báo thời tiết Hà Nội theo giờ cho buổi sáng như thế nào?,False,1,hourly_forecast,city,0.85,"{""intent"": ""hourly_forecast"", ""scope"": ""city"", ""confidence"": 0.85}",hourly_forecast,city,0.85,True,2211.2
Qwen3-4B-v7,Hà Nội chiều nay thời tiết chung ra sao?,False,1,weather_overview,city,0.85,"{""intent"": ""weather_overview"", ""scope"": ""city"", ""confidence"": 0.85}",weather_overview,city,0.85,True,2120.6
Qwen3-4B-v7,So sánh Sóc Sơn với Đông Anh hôm nay,False,1,location_comparison,district,0.74,"{""intent"":""location_comparison"",""scope"":""district"",""confidence"":0.74,""rewritten_query"":""So sánh thời tiết Huyện Sóc Sơn và Huyện Đông Anh hôm nay""}",location_comparison,district,0.74,True,3777.7
Qwen3-4B-v7,Huyện Ba Vì có cảnh báo lũ quét không?,False,1,weather_alert,district,0.92,"{""intent"": ""weather_alert"", ""scope"": ""district"", ""confidence"": 0.92}",weather_alert,district,0.92,True,2031.5
Qwen3-4B-v7,Xã Nam Phù hiện nay tốc độ gió bao nhiêu?,False,1,wind_query,ward,0.92,"{""intent"": ""wind_query"", ""scope"": ""ward"", ""confidence"": 0.92}",wind_query,ward,0.92,True,2035.0
Qwen3-4B-v7,So sánh thời tiết Ba Đình và Cầu Giấy?,False,1,location_comparison,district,0.74,"{""intent"": ""location_comparison"", ""scope"": ""district"", ""confidence"": 0.74}",location_comparison,district,0.74,True,2030.0
Qwen3-4B-v7,Hà Nội hôm nay nhiệt độ giữa ngày và đêm chênh nhau bao nhiêu độ nhỉ?,False,1,temperature_query,city,0.92,"{""intent"": ""temperature_query"", ""scope"": ""city"", ""confidence"": 0.85}",temperature_query,city,0.85,True,2058.8
Qwen3-4B-v7,Tối nay chỉ số UV tại Hà Nội có thể cao hơn không nhỉ?,False,1,expert_weather_param,city,0.85,"{""intent"": ""expert_weather_param"", ""scope"": ""city"", ""confidence"": 0.85}",expert_weather_param,city,0.85,True,2126.0
Qwen3-4B-v7,độ ẩm thì sao?,True,2,humidity_fog_query,ward,0.8,"{""intent"": ""humidity_fog_query"", ""scope"": ""ward"", ""confidence"": 0.8, ""rewritten_query"": ""Phường Phú Diễn độ ẩm hiện tại thế nào?""}",humidity_fog_query,ward,0.8,True,4059.0
Qwen3-4B-v7,"Nam Phù, Thanh Trì có mưa hay không vào hôm nay?",False,1,rain_query,ward,0.74,"{""intent"": ""rain_query"", ""scope"": ""ward"", ""confidence"": 0.74}",rain_query,ward,0.74,True,2037.0
Qwen3-4B-v7,Đợt lạnh sắp tới ở Hà Nội nhiệt độ có thể xuống bao thấp?,False,1,weather_alert,city,0.85,"{""intent"": ""temperature_query"", ""scope"": ""city"", ""confidence"": 0.85}",temperature_query,city,0.85,False,2035.2
Qwen3-4B-v7,Trời Hà Nội ngay bây giờ ra sao?,False,1,current_weather,city,0.92,"{""intent"": ""current_weather"", ""scope"": ""city"", ""confidence"": 0.92}",current_weather,city,0.92,True,2033.0
Qwen3-4B-v7,Long Biên tối nay có mưa không?,False,1,rain_query,district,0.74,"{""intent"": ""rain_query"", ""scope"": ""ward"", ""confidence"": 0.74, ""rewritten_query"": ""Phường Long Biên tối nay có mưa không?""}",rain_query,ward,0.74,False,3756.4
Qwen3-4B-v7,Nhiệt độ bây giờ ở đó ra sao?,True,2,temperature_query,city,0.8,"{""intent"": ""temperature_query"", ""scope"": ""city"", ""confidence"": 0.8, ""rewritten_query"": ""Nhiệt độ hiện tại ở Hà Nội là bao nhiêu?""}",temperature_query,city,0.8,True,4067.8
Qwen3-4B-v7,Ở Đông Anh đêm nay nhiệt độ sẽ rơi xuống mức nào?,False,1,temperature_query,district,0.74,"{""intent"": ""temperature_query"", ""scope"": ""district"", ""confidence"": 0.74}",temperature_query,district,0.74,True,2033.9
Qwen3-4B-v7,Huyện Thanh Trì cuối tuần dự báo?,True,2,daily_forecast,district,0.8,"{""intent"": ""daily_forecast"", ""scope"": ""district"", ""confidence"": 0.8}",daily_forecast,district,0.8,True,2172.1
Qwen3-4B-v7,Cường độ UV như thế nào?,True,2,expert_weather_param,ward,0.8,"{""intent"": ""expert_weather_param"", ""scope"": ""ward"", ""confidence"": 0.8, ""rewritten_query"": ""Cường độ UV ở phường Yên Hòa hôm nay bao nhiêu?""}",expert_weather_param,ward,0.8,True,4256.3
Qwen3-4B-v7,Ngày cuối tuần?,True,2,daily_forecast,ward,0.8,"{""intent"": ""daily_forecast"", ""scope"": ""ward"", ""confidence"": 0.8, ""rewritten_query"": ""Ngày cuối tuần ở Phường Thanh Xuân thời tiết thế nào?""}",daily_forecast,ward,0.8,True,4253.8
Qwen3-4B-v7,Nhiệt độ Hà Nội mấy ngày nay có xu hướng tăng hay giảm?,False,1,seasonal_context,city,0.85,"{""intent"": ""seasonal_context"", ""scope"": ""city"", ""confidence"": 0.85}",seasonal_context,city,0.85,True,2127.3
Qwen3-4B-v7,Sáng mai từ 6h đến 9h quận Hoàn Kiếm trời thế nào?,False,1,hourly_forecast,district,0.92,"{""intent"": ""hourly_forecast"", ""scope"": ""district"", ""confidence"": 0.92}",hourly_forecast,district,0.92,True,2226.6
Qwen3-4B-v7,Phúc Thọ (Phúc Thọ) hay Phú Diễn (Bắc Từ Liêm) nóng hơn?,False,1,location_comparison,ward,0.74,"{""intent"": ""location_comparison"", ""scope"": ""ward"", ""confidence"": 0.74}",location_comparison,ward,0.74,True,2051.9
Qwen3-4B-v7,Xã Sơn Đồng bây giờ thời tiết thế nào?,False,1,current_weather,ward,0.92,"{""intent"": ""current_weather"", ""scope"": ""ward"", ""confidence"": 0.92}",current_weather,ward,0.92,True,2027.8
Qwen3-4B-v7,khu đó có cảnh báo gì không?,True,2,weather_alert,district,0.8,"{""intent"": ""weather_alert"", ""scope"": ""district"", ""confidence"": 0.8, ""rewritten_query"": ""Huyện Sóc Sơn có cảnh báo thời tiết gì không?""}",weather_alert,district,0.8,True,3970.6
Qwen3-4B-v7,Phường Nghĩa Đô mấy ngày trước có mưa không?,False,1,historical_weather,ward,0.92,"{""intent"": ""historical_weather"", ""scope"": ""ward"", ""confidence"": 0.92}",historical_weather,ward,0.92,True,2126.0
Qwen3-4B-v7,thu tu o ha noi du bao nhiet do la bao nhieu?,False,1,temperature_query,city,0.85,"{""intent"": ""temperature_query"", ""scope"": ""city"", ""confidence"": 0.85}",temperature_query,city,0.85,True,2034.8
Qwen3-4B-v7,"Gần đây, quận Hoàn Kiếm có thấy thời tiết diễn biến lạ không?",False,1,seasonal_context,district,0.92,"{""intent"": ""seasonal_context"", ""scope"": ""district"", ""confidence"": 0.92}",seasonal_context,district,0.92,True,2124.4
Qwen3-4B-v7,khu đó nhiệt độ thường ra sao?,True,2,seasonal_context,district,0.8,"{""intent"": ""temperature_query"", ""scope"": ""district"", ""confidence"": 0.8, ""rewritten_query"": ""Huyện Ba Vì nhiệt độ thường bao nhiêu?""}",temperature_query,district,0.8,False,3779.3
Qwen3-4B-v7,Hôm nay có cần mang kem chống nắng không?,True,2,smalltalk_weather,city,0.8,"{""intent"": ""smalltalk_weather"", ""scope"": ""city"", ""confidence"": 0.8, ""rewritten_query"": ""Hôm nay đi picnic ở Hà Nội có cần kem chống nắng không?""}",smalltalk_weather,city,0.8,True,4361.0
Qwen3-4B-v7,Chỗ đó có đáng để đi dạo không?,True,2,activity_weather,ward,0.8,"{""intent"": ""activity_weather"", ""scope"": ""ward"", ""confidence"": 0.8, ""rewritten_query"": ""Phường Hoàng Mai hôm nay có đáng để đi dạo không?""}",activity_weather,ward,0.8,True,4161.8
Qwen3-4B-v7,Hà Nội bây giờ bao nhiêu độ?,False,1,temperature_query,city,0.92,"{""intent"": ""temperature_query"", ""scope"": ""city"", ""confidence"": 0.92}",temperature_query,city,0.92,True,2027.3
Qwen3-4B-v7,Hôm nay thời tiết có gì thú vị không?,True,2,weather_alert,city,0.8,"{""intent"": ""seasonal_context"", ""scope"": ""city"", ""confidence"": 0.8, ""rewritten_query"": ""Hôm nay Hà Nội có điều gì thú vị về thời tiết không?""}",seasonal_context,city,0.8,False,4357.2
Qwen3-4B-v7,Cho mình cái nhìn tổng thể về thời tiết Hà Nội chiều nay,False,1,weather_overview,city,0.85,"{""intent"": ""weather_overview"", ""scope"": ""city"", ""confidence"": 0.85}",weather_overview,city,0.85,True,2122.9
Qwen3-4B-v7,Có cảnh báo mưa lớn ở Hà Nội buổi tối không?,False,1,weather_alert,city,0.85,"{""intent"": ""weather_alert"", ""scope"": ""city"", ""confidence"": 0.85}",weather_alert,city,0.85,True,2031.8
Qwen3-4B-v7,Những ngày tới Hà Nội có trời đẹp không?,False,1,daily_forecast,city,0.85,"{""intent"": ""daily_forecast"", ""scope"": ""city"", ""confidence"": 0.85}",daily_forecast,city,0.85,True,2117.7
Qwen3-4B-v7,"Cuối tuần này phơi đồ ngoài trời ở phường Xuân Đỉnh, Bắc Từ Liêm có ổn không?",False,1,activity_weather,ward,0.92,"{""intent"": ""activity_weather"", ""scope"": ""ward"", ""confidence"": 0.92}",activity_weather,ward,0.92,True,2053.4
Qwen3-4B-v7,buổi chiều thì sao?,True,3,rain_query,ward,0.8,"{""intent"": ""rain_query"", ""scope"": ""ward"", ""confidence"": 0.8, ""rewritten_query"": ""Phường Tây Hồ ngày mai buổi chiều có mưa không?""}",rain_query,ward,0.8,True,3973.6
Qwen3-4B-v7,mac gi di lam hom nay?,False,1,activity_weather,city,0.85,"{""intent"": ""smalltalk_weather"", ""scope"": ""city"", ""confidence"": 0.62}",smalltalk_weather,city,0.62,False,2116.2
Qwen3-4B-v7,hom nay gia xang tang hay giam?,False,1,smalltalk_weather,city,0.62,"{""intent"": ""smalltalk_weather"", ""scope"": ""city"", ""confidence"": 0.62}",smalltalk_weather,city,0.62,True,2118.3
Qwen3-4B-v7,Thứ 7 này thời tiết ở xã Bình Minh như thế nào nhỉ?,False,1,daily_forecast,ward,0.92,"{""intent"": ""daily_forecast"", ""scope"": ""ward"", ""confidence"": 0.92}",daily_forecast,ward,0.92,True,2123.8
Qwen3-4B-v7,So sánh ba quận trung tâm?,True,2,location_comparison,district,0.8,"{""intent"": ""location_comparison"", ""scope"": ""district"", ""confidence"": 0.8, ""rewritten_query"": ""So sánh thời tiết Ba Đình, Hoàn Kiếm và Tây Hồ hôm nay?""}",location_comparison,district,0.8,True,4546.7
Qwen3-4B-v7,Đống Đa và Hoàn Kiếm nơi nào mát hơn?,True,2,location_comparison,district,0.8,"{""intent"": ""location_comparison"", ""scope"": ""district"", ""confidence"": 0.8}",location_comparison,district,0.8,True,2079.4
Qwen3-4B-v7,Dự báo thời tiết ở phường Phú Lương tuần này?,False,1,daily_forecast,ward,0.92,"{""intent"": ""daily_forecast"", ""scope"": ""ward"", ""confidence"": 0.92}",daily_forecast,ward,0.92,True,2125.1
Qwen3-4B-v7,"Xin chào, bạn có thể giúp gì cho mình?",False,1,smalltalk_weather,city,0.62,"{""intent"": ""smalltalk_weather"", ""scope"": ""city"", ""confidence"": 0.62}",smalltalk_weather,city,0.62,True,2122.5
Qwen3-4B-v7,Nhiệt độ Huyện Quốc Oai hiện tại bao nhiêu?,False,1,temperature_query,district,0.92,"{""intent"": ""temperature_query"", ""scope"": ""district"", ""confidence"": 0.92}",temperature_query,district,0.92,True,2032.9
Qwen3-4B-v7,Ở đó có mưa không?,True,2,rain_query,ward,0.8,"{""intent"": ""rain_query"", ""scope"": ""ward"", ""confidence"": 0.8, ""rewritten_query"": ""Phường Long Biên có mưa không?""}",rain_query,ward,0.8,True,3588.3
Qwen3-4B-v7,Dự báo sáng mai cho quận Quốc Oai,False,1,hourly_forecast,district,0.92,"{""intent"": ""hourly_forecast"", ""scope"": ""district"", ""confidence"": 0.92}",hourly_forecast,district,0.92,True,2204.3
Qwen3-4B-v7,"Mình muốn chụp ảnh ngoài trời ở Hà Nội chiều nay, thời tiết có ổn không?",False,1,activity_weather,city,0.85,"{""intent"": ""activity_weather"", ""scope"": ""city"", ""confidence"": 0.85}",activity_weather,city,0.85,True,2038.0
Qwen3-4B-v7,Chiều nay ở xã Quốc Oai có thấy sương mù không ta?,False,1,humidity_fog_query,ward,0.92,"{""intent"": ""humidity_fog_query"", ""scope"": ""ward"", ""confidence"": 0.92}",humidity_fog_query,ward,0.92,True,2213.9
Qwen3-4B-v7,Độ ẩm ở Mỹ Đức bây giờ bao nhiêu?,False,1,humidity_fog_query,district,0.74,"{""intent"": ""humidity_fog_query"", ""scope"": ""district"", ""confidence"": 0.74}",humidity_fog_query,district,0.74,True,2207.3
Qwen3-4B-v7,Ở Hoài Đức hôm nay có nên cầm ô theo không ta?,False,1,rain_query,district,0.74,"{""intent"": ""rain_query"", ""scope"": ""district"", ""confidence"": 0.74}",rain_query,district,0.74,True,2035.2
Qwen3-4B-v7,"Sáng nay, áp suất tại Hà Nội là bao nhiêu vậy?",False,1,expert_weather_param,city,0.85,"{""intent"": ""expert_weather_param"", ""scope"": ""city"", ""confidence"": 0.85}",expert_weather_param,city,0.85,True,2123.2
Qwen3-4B-v7,Quận nào ở Hà Nội hiện giờ đang có mưa nhỉ?,False,1,location_comparison,city,0.92,"{""intent"": ""location_comparison"", ""scope"": ""city"", ""confidence"": 0.92}",location_comparison,city,0.92,True,2031.3
Qwen3-4B-v7,Cho mình biết chỉ số UV ở Xã Tây Phương,False,1,expert_weather_param,ward,0.92,"{""intent"": ""expert_weather_param"", ""scope"": ""ward"", ""confidence"": 0.92}",expert_weather_param,ward,0.92,True,2119.7
Qwen3-4B-v7,Áp suất ở Bến xe Nam Từ Liêm giờ này bao nhiêu?,False,1,expert_weather_param,district,0.85,"{""intent"": ""expert_weather_param"", ""scope"": ""district"", ""confidence"": 0.85}",expert_weather_param,district,0.85,True,2124.9
Qwen3-4B-v7,Thời tiết buổi sáng nay ở quận Cầu Giấy có gì đặc biệt không?,False,1,hourly_forecast,district,0.92,"{""intent"": ""hourly_forecast"", ""scope"": ""district"", ""confidence"": 0.92}",hourly_forecast,district,0.92,True,2212.6
Qwen3-4B-v7,có cảnh báo gì không?,True,2,weather_alert,ward,0.8,"{""intent"": ""weather_alert"", ""scope"": ""ward"", ""confidence"": 0.8, ""rewritten_query"": ""Xã Mỹ Đức có cảnh báo thời tiết gì không?""}",weather_alert,ward,0.8,True,3777.1
Qwen3-4B-v7,Đống Đa ngày mai có mưa không?,True,2,rain_query,district,0.8,"{""intent"": ""rain_query"", ""scope"": ""district"", ""confidence"": 0.8}",rain_query,district,0.8,True,2076.0
Qwen3-4B-v7,Thời tiết ở Sóc Sơn những ngày gần đây có gì mới không?,False,1,seasonal_context,district,0.74,"{""intent"": ""daily_forecast"", ""scope"": ""district"", ""confidence"": 0.74}",daily_forecast,district,0.74,False,2123.3
Qwen3-4B-v7,Hà Nội hôm nay có khả năng bị mưa không ta?,False,1,rain_query,city,0.92,"{""intent"": ""rain_query"", ""scope"": ""city"", ""confidence"": 0.92}",rain_query,city,0.92,True,2035.2
Qwen3-4B-v7,"Tối nay ở Phường Khương Đình, Thanh Xuân nhiệt độ khoảng bao nhiêu độ?",False,1,hourly_forecast,ward,0.74,"{""intent"": ""temperature_query"", ""scope"": ""ward"", ""confidence"": 0.74}",temperature_query,ward,0.74,False,2049.7
Qwen3-4B-v7,Tuần vừa qua ở Phường Hà Đông thời tiết ra sao nhỉ?,False,1,historical_weather,ward,0.92,"{""intent"": ""historical_weather"", ""scope"": ""ward"", ""confidence"": 0.92}",historical_weather,ward,0.92,True,2123.4
Qwen3-4B-v7,"Trời ở phường Nhật Tân, Tây Hồ tối nay có mưa hay bão không?",False,1,weather_alert,ward,0.74,"{""intent"": ""weather_alert"", ""scope"": ""ward"", ""confidence"": 0.74}",weather_alert,ward,0.74,True,2035.0
Qwen3-4B-v7,do am o ha noi hom nay co cao khong?,False,1,humidity_fog_query,city,0.85,"{""intent"": ""humidity_fog_query"", ""scope"": ""city"", ""confidence"": 0.85}",humidity_fog_query,city,0.85,True,2207.6
Qwen3-4B-v7,Quận nào ở Hà Nội giờ này nóng nhất?,False,1,location_comparison,city,0.92,"{""intent"": ""location_comparison"", ""scope"": ""city"", ""confidence"": 0.92}",location_comparison,city,0.92,True,2029.7
Qwen3-4B-v7,ngày 25 cụ thể?,True,2,daily_forecast,ward,0.8,"{""intent"": ""daily_forecast"", ""scope"": ""ward"", ""confidence"": 0.8, ""rewritten_query"": ""Phường Hoàng Mai ngày 25 tuần sau thế nào?""}",daily_forecast,ward,0.8,True,4068.4
Qwen3-4B-v7,có cảnh báo giông không?,True,2,weather_alert,city,0.8,"{""intent"": ""weather_alert"", ""scope"": ""city"", ""confidence"": 0.8, ""rewritten_query"": ""Hà Nội tuần này có cảnh báo giông không?""}",weather_alert,city,0.8,True,3867.9
Qwen3-4B-v7,Xu hướng nhiệt độ mấy ngày qua thế nào?,False,1,seasonal_context,city,0.85,"{""intent"": ""seasonal_context"", ""scope"": ""city"", ""confidence"": 0.85}",seasonal_context,city,0.85,True,2115.8
Qwen3-4B-v7,Hà Nội bây giờ có mưa hay nắng nhỉ?,False,1,current_weather,city,0.92,"{""intent"": ""current_weather"", ""scope"": ""city"", ""confidence"": 0.92}",current_weather,city,0.92,True,2028.6
Qwen3-4B-v7,Tối nay mấy giờ ở Cầu Giấy bắt đầu se lạnh?,False,1,hourly_forecast,district,0.74,"{""intent"": ""hourly_forecast"", ""scope"": ""district"", ""confidence"": 0.74}",hourly_forecast,district,0.74,True,2211.7
Qwen3-4B-v7,Thời tiết có gì đặc biệt không?,True,2,weather_alert,city,0.8,"{""intent"": ""seasonal_context"", ""scope"": ""city"", ""confidence"": 0.8, ""rewritten_query"": ""Thời tiết Hà Nội có gì đặc biệt không?""}",seasonal_context,city,0.8,False,3878.6
Qwen3-4B-v7,hom qua o ha noi nhiet do cao nhat la bao nhieu do?,False,1,historical_weather,city,0.85,"{""intent"": ""historical_weather"", ""scope"": ""city"", ""confidence"": 0.85}",historical_weather,city,0.85,True,2125.8
Qwen3-4B-v7,Chatbot này có thể làm được những gì?,False,1,smalltalk_weather,city,0.62,"{""intent"": ""smalltalk_weather"", ""scope"": ""city"", ""confidence"": 0.62}",smalltalk_weather,city,0.62,True,2115.2
Qwen3-4B-v7,Phường Yên Sở bây giờ thời tiết thế nào?,False,1,current_weather,ward,0.92,"{""intent"": ""current_weather"", ""scope"": ""ward"", ""confidence"": 0.92}",current_weather,ward,0.92,True,2027.9
Qwen3-4B-v7,Tuần qua ở Phường Tương Mai trời ra sao?,False,1,historical_weather,ward,0.92,"{""intent"": ""historical_weather"", ""scope"": ""ward"", ""confidence"": 0.92}",historical_weather,ward,0.92,True,2122.6
Qwen3-4B-v7,Tuần sau ở Huyện Sóc Sơn dự báo ra sao?,False,1,daily_forecast,district,0.92,"{""intent"": ""daily_forecast"", ""scope"": ""district"", ""confidence"": 0.92}",daily_forecast,district,0.92,True,2123.8
Qwen3-4B-v7,Dự báo thời tiết Phường Yên Sở ngày mai?,False,1,daily_forecast,ward,0.92,"{""intent"": ""daily_forecast"", ""scope"": ""ward"", ""confidence"": 0.92}",daily_forecast,ward,0.92,True,2117.3
Qwen3-4B-v7,nhiet do ha noi hom qua la bao nhieu?,False,1,historical_weather,city,0.85,"{""intent"": ""historical_weather"", ""scope"": ""city"", ""confidence"": 0.85}",historical_weather,city,0.85,True,2119.0
Qwen3-4B-v7,thu tu o ha noi du bao nhiet do la bao nhieu?,False,1,temperature_query,city,0.85,"{""intent"": ""temperature_query"", ""scope"": ""city"", ""confidence"": 0.85}",temperature_query,city,0.85,True,2034.2
Qwen3-4B-v7,thoi tiet quan ba dinh hom nay nhin chung the nao?,False,1,weather_overview,district,0.85,"{""intent"": ""weather_overview"", ""scope"": ""district"", ""confidence"": 0.85}",weather_overview,district,0.85,True,2124.7
Qwen3-4B-v7,mấy giờ mưa?,True,2,rain_query,ward,0.8,"{""intent"": ""rain_query"", ""scope"": ""ward"", ""confidence"": 0.8, ""rewritten_query"": ""Sáng mai ở Phường Hoàng Mai mấy giờ bắt đầu mưa?""}",rain_query,ward,0.8,True,4062.8
Qwen3-4B-v7,Ở đó ngày mai cụ thể?,True,2,weather_overview,district,0.8,"{""intent"": ""daily_forecast"", ""scope"": ""district"", ""confidence"": 0.8, ""rewritten_query"": ""Huyện Sóc Sơn ngày mai thời tiết cụ thể thế nào?""}",daily_forecast,district,0.8,False,4155.5
Qwen3-4B-v7,Tầm nhìn xa ở Quận Tây Hồ hôm nay khoảng bao nhiêu km?,False,1,expert_weather_param,district,0.92,"{""intent"": ""expert_weather_param"", ""scope"": ""district"", ""confidence"": 0.92}",expert_weather_param,district,0.92,True,2122.6
Qwen3-4B-v7,Thời tiết ở Hoài Đức hôm nay có cần mang theo dù không?,False,1,smalltalk_weather,district,0.62,"{""intent"": ""rain_query"", ""scope"": ""district"", ""confidence"": 0.74}",rain_query,district,0.74,False,2036.1
Qwen3-4B-v7,Đi dạo ở đây có ổn không?,True,2,activity_weather,city,0.8,"{""intent"": ""activity_weather"", ""scope"": ""city"", ""confidence"": 0.8, ""rewritten_query"": ""Hôm nay ở Hà Nội có thể đi dạo không?""}",activity_weather,city,0.8,True,4067.6
Qwen3-4B-v7,So sánh thời tiết Nam Từ Liêm và Phố cổ Hà Nội,False,1,location_comparison,ward,0.62,"{""intent"": ""location_comparison"", ""scope"": ""district"", ""confidence"": 0.85}",location_comparison,district,0.85,False,2031.3
Qwen3-4B-v7,"Hôm nay ở Hoàng Liệt, Hoàng Mai nhiệt độ hiện tại là bao nhiêu?",False,1,temperature_query,ward,0.74,"{""intent"": ""temperature_query"", ""scope"": ""ward"", ""confidence"": 0.74}",temperature_query,ward,0.74,True,2035.7
Qwen3-4B-v7,quan dong anh trua nay mua khong nhi?,False,1,rain_query,district,0.85,"{""intent"": ""rain_query"", ""scope"": ""district"", ""confidence"": 0.85}",rain_query,district,0.85,True,2031.2
Qwen3-4B-v7,Thời tiết Sóc Sơn mấy ngày qua có thay đổi gì không?,False,1,seasonal_context,district,0.74,"{""intent"": ""historical_weather"", ""scope"": ""district"", ""confidence"": 0.74}",historical_weather,district,0.74,False,2123.5
Qwen3-4B-v7,tuần trước thì sao?,True,2,historical_weather,ward,0.8,"{""intent"": ""historical_weather"", ""scope"": ""ward"", ""confidence"": 0.8, ""rewritten_query"": ""Tuần trước thời tiết Phường Ba Đình thế nào?""}",historical_weather,ward,0.8,True,3968.9
Qwen3-4B-v7,Phường Yên Nghĩa có cảnh báo nồm ẩm không?,False,1,weather_alert,ward,0.92,"{""intent"": ""weather_alert"", ""scope"": ""ward"", ""confidence"": 0.92}",weather_alert,ward,0.92,True,2034.4
Qwen3-4B-v7,Cho mình biết tình hình thời tiết Ba Đình hôm nay,False,1,weather_overview,district,0.74,"{""intent"": ""weather_overview"", ""scope"": ""district"", ""confidence"": 0.74}",weather_overview,district,0.74,True,2117.6
Qwen3-4B-v7,"tam biet nhe, hen gap lai!",False,1,smalltalk_weather,city,0.62,"{""intent"": ""smalltalk_weather"", ""scope"": ""city"", ""confidence"": 0.62}",smalltalk_weather,city,0.62,True,2117.5
Qwen3-4B-v7,Thời tiết chỗ đó hiện tại thế nào?,True,2,current_weather,district,0.8,"{""intent"": ""current_weather"", ""scope"": ""district"", ""confidence"": 0.8, ""rewritten_query"": ""Thời tiết hiện tại ở quận Bắc Từ Liêm thế nào?""}",current_weather,district,0.8,True,4078.4
Qwen3-4B-v7,Hôm nay ra ngoài nên mặc đồ gì nhỉ?,False,1,smalltalk_weather,city,0.62,"{""intent"": ""smalltalk_weather"", ""scope"": ""city"", ""confidence"": 0.92}",smalltalk_weather,city,0.92,True,2121.3
Qwen3-4B-v7,Dự báo thời tiết ở phường Hương Sơn tuần này?,False,1,daily_forecast,ward,0.92,"{""intent"": ""daily_forecast"", ""scope"": ""ward"", ""confidence"": 0.92}",daily_forecast,ward,0.92,True,2118.6
Qwen3-4B-v7,Chiều mai ở Thanh Xuân có thể nhiệt độ cao nhất sẽ đạt bao nhiêu?,False,1,temperature_query,district,0.74,"{""intent"": ""temperature_query"", ""scope"": ""district"", ""confidence"": 0.74}",temperature_query,district,0.74,True,2035.8
Qwen3-4B-v7,Đêm nay ở Tây Hồ có sương mù không nhỉ?,False,1,humidity_fog_query,district,0.74,"{""intent"": ""humidity_fog_query"", ""scope"": ""district"", ""confidence"": 0.74}",humidity_fog_query,district,0.74,True,2211.0
Qwen3-4B-v7,Hà Nội hôm nay đẹp trời không?,False,1,weather_overview,city,0.92,"{""intent"": ""smalltalk_weather"", ""scope"": ""city"", ""confidence"": 0.62}",smalltalk_weather,city,0.62,False,2118.5
